person_participantID,startDate,endDate,reward
fa10-01-08,10/30/2010,11/2/2010,4
fa10-01-08,11/2/2010,11/5/2010,3
fa10-01-15,10/30/2010,11/2/2010,5
fa10-01-60,11/11/2010,11/14/2010,2.5
fa10-01-24,10/30/2010,11/2/2010,2
fa10-01-24,11/2/2010,11/5/2010,4
fa10-01-27,10/30/2010,11/2/2010,2.5
fa10-01-27,11/2/2010,11/5/2010,1
fa10-01-31,10/30/2010,11/2/2010,2
fa10-01-31,11/2/2010,11/5/2010,2.5
fa10-01-40,10/30/2010,11/2/2010,3
fa10-01-40,11/2/2010,11/5/2010,1.5
fa10-01-50,10/30/2010,11/2/2010,3
fa10-01-50,11/2/2010,11/5/2010,4
fa10-01-67,10/30/2010,11/2/2010,1.5
fa10-01-67,11/2/2010,11/5/2010,0.5
fa10-01-70,10/30/2010,11/2/2010,2.5
fa10-01-70,11/2/2010,11/5/2010,2.5
fa10-01-75,10/30/2010,11/2/2010,5
fa10-01-75,11/2/2010,11/5/2010,1.5
fa10-01-76,10/30/2010,11/2/2010,2.5
fa10-01-76,11/2/2010,11/5/2010,2
fa10-01-86,10/30/2010,11/2/2010,2
fa10-01-86,11/2/2010,11/5/2010,2.5
sp10-01-30,10/30/2010,11/2/2010,2.5
sp10-01-30,11/2/2010,11/5/2010,2.5
sp10-01-33,10/30/2010,11/2/2010,1.5
sp10-01-33,11/2/2010,11/5/2010,2.5
sp10-01-35,10/30/2010,11/2/2010,4
sp10-01-35,11/2/2010,11/5/2010,4
sp10-01-53,10/30/2010,11/2/2010,2
sp10-01-53,11/2/2010,11/5/2010,3.5
fa10-01-41,10/30/2010,11/2/2010,2
fa10-01-41,11/2/2010,11/5/2010,3.5
fa10-01-01,10/30/2010,11/2/2010,2.5
fa10-01-01,11/2/2010,11/5/2010,3.5
sp10-01-46,10/30/2010,11/2/2010,1.5
sp10-01-46,11/2/2010,11/5/2010,4.5
sp10-01-08,10/30/2010,11/2/2010,3.5
sp10-01-08,11/2/2010,11/5/2010,5
fa10-01-19,10/30/2010,11/2/2010,5
fa10-01-19,11/2/2010,11/5/2010,1
sp10-01-49,10/30/2010,11/2/2010,4
sp10-01-49,11/2/2010,11/5/2010,3
sp10-01-40,10/30/2010,11/2/2010,4
sp10-01-40,11/2/2010,11/5/2010,3
fa10-01-17,10/30/2010,11/2/2010,1.5
fa10-01-17,11/2/2010,11/5/2010,0.5
fa10-01-04,11/5/2010,11/8/2010,1
fa10-01-57,11/17/2010,11/20/2010,2.5
fa10-01-74,10/30/2010,11/2/2010,0.5
fa10-01-74,11/2/2010,11/5/2010,4
fa10-01-23,10/30/2010,11/2/2010,2.5
sp10-01-42,11/5/2010,11/8/2010,3.5
sp10-01-39,10/30/2010,11/2/2010,0.5
fa10-01-08,11/5/2010,11/8/2010,0.5
sp10-01-48,10/30/2010,11/2/2010,4
sp10-01-48,11/2/2010,11/5/2010,2.5
fa10-01-02,10/30/2010,11/2/2010,0.5
fa10-01-02,11/2/2010,11/5/2010,1.5
sp10-01-38,10/30/2010,11/2/2010,2.5
sp10-01-38,11/2/2010,11/5/2010,4.5
sp10-01-32,10/30/2010,11/2/2010,3
sp10-01-32,11/2/2010,11/5/2010,2.5
fa10-01-59,10/30/2010,11/2/2010,5
fa10-01-59,11/2/2010,11/5/2010,3
sp10-01-19,10/30/2010,11/2/2010,2.5
sp10-01-19,11/2/2010,11/5/2010,4
sp10-01-52,10/30/2010,11/2/2010,3.5
sp10-01-52,11/2/2010,11/5/2010,2.5
sp10-01-43,10/30/2010,11/2/2010,3
sp10-01-43,11/2/2010,11/5/2010,0.5
fa10-01-81,10/30/2010,11/2/2010,2.5
fa10-01-81,11/2/2010,11/5/2010,4.5
fa10-01-44,10/30/2010,11/2/2010,3
fa10-01-44,11/2/2010,11/5/2010,1.5
fa10-01-47,10/30/2010,11/2/2010,2
fa10-01-47,11/2/2010,11/5/2010,4
fa10-01-22,10/30/2010,11/2/2010,0.5
sp10-01-18,11/8/2010,11/11/2010,3
fa10-01-72,10/30/2010,11/2/2010,2.5
fa10-01-72,11/2/2010,11/5/2010,2.5
fa10-01-79,10/30/2010,11/2/2010,1.5
fa10-01-79,11/2/2010,11/5/2010,0.5
fa10-01-85,11/2/2010,11/5/2010,4
fa10-01-05,11/2/2010,11/5/2010,3
fa10-01-71,10/30/2010,11/2/2010,4.5
fa10-01-71,11/2/2010,11/5/2010,1.5
fa10-01-43,10/30/2010,11/2/2010,2.5
fa10-01-43,11/2/2010,11/5/2010,1.5
fa10-01-18,10/30/2010,11/2/2010,2.5
fa10-01-18,11/2/2010,11/5/2010,2.5
fa10-01-68,10/30/2010,11/2/2010,0.5
fa10-01-68,11/2/2010,11/5/2010,4
fa10-01-69,10/30/2010,11/2/2010,2.5
fa10-01-69,11/2/2010,11/5/2010,2
fa10-01-52,10/30/2010,11/2/2010,5
fa10-01-52,11/2/2010,11/5/2010,1.5
fa10-01-07,10/30/2010,11/2/2010,3
fa10-01-07,11/2/2010,11/5/2010,2.5
fa10-01-54,10/30/2010,11/2/2010,0.5
fa10-01-54,11/2/2010,11/5/2010,3.5
sp10-01-18,10/30/2010,11/2/2010,3
sp10-01-18,11/2/2010,11/5/2010,3
fa10-01-26,10/30/2010,11/2/2010,2
fa10-01-26,11/2/2010,11/5/2010,4
fa10-01-35,10/30/2010,11/2/2010,4.5
fa10-01-35,11/2/2010,11/5/2010,4.5
fa10-01-39,10/30/2010,11/2/2010,1.5
fa10-01-39,11/2/2010,11/5/2010,2
fa10-01-06,10/30/2010,11/2/2010,2.5
fa10-01-06,11/2/2010,11/5/2010,5
fa10-01-20,10/30/2010,11/2/2010,3
fa10-01-20,11/2/2010,11/5/2010,1.5
fa10-01-34,10/30/2010,11/2/2010,0.5
fa10-01-34,11/2/2010,11/5/2010,3.5
fa10-01-16,10/30/2010,11/2/2010,2.5
fa10-01-16,11/2/2010,11/5/2010,2
sp10-01-56,10/30/2010,11/2/2010,2.5
fa10-01-85,10/30/2010,11/2/2010,2
sp10-01-23,10/30/2010,11/2/2010,3.5
sp10-01-23,11/2/2010,11/5/2010,2
sp10-01-05,10/30/2010,11/2/2010,5
sp10-01-05,11/2/2010,11/5/2010,2
fa10-01-55,10/30/2010,11/2/2010,3.5
fa10-01-55,11/2/2010,11/5/2010,0.5
fa10-01-36,10/30/2010,11/2/2010,4.5
fa10-01-36,11/2/2010,11/5/2010,4
fa10-01-33,10/30/2010,11/2/2010,1.5
fa10-01-33,11/2/2010,11/5/2010,2.5
fa10-01-45,10/30/2010,11/2/2010,1.5
fa10-01-45,11/2/2010,11/5/2010,1
fa10-01-56,10/30/2010,11/2/2010,3
fa10-01-56,11/2/2010,11/5/2010,3
fa10-01-78,10/30/2010,11/2/2010,5
fa10-01-78,11/2/2010,11/5/2010,1.5
fa10-01-46,10/30/2010,11/2/2010,2.5
fa10-01-23,11/5/2010,11/8/2010,5
fa10-01-58,10/30/2010,11/2/2010,3
fa10-01-58,11/2/2010,11/5/2010,5
fa10-01-30,10/30/2010,11/2/2010,2
fa10-01-30,11/2/2010,11/5/2010,3
fa10-01-61,10/30/2010,11/2/2010,0.5
fa10-01-61,11/2/2010,11/5/2010,2.5
fa10-01-25,10/30/2010,11/2/2010,2.5
fa10-01-25,11/2/2010,11/5/2010,4
fa10-01-62,10/30/2010,11/2/2010,0.5
fa10-01-62,11/2/2010,11/5/2010,5
fa10-01-29,10/30/2010,11/2/2010,2.5
fa10-01-29,11/2/2010,11/5/2010,4.5
fa10-01-77,10/30/2010,11/2/2010,2
fa10-01-77,11/2/2010,11/5/2010,2
fa10-01-57,10/30/2010,11/2/2010,1.5
fa10-01-57,11/2/2010,11/5/2010,5
fa10-01-12,10/30/2010,11/2/2010,1
fa10-01-12,11/2/2010,11/5/2010,2
fa10-01-53,10/30/2010,11/2/2010,0.5
fa10-01-53,11/2/2010,11/5/2010,2.5
sp10-01-06,10/30/2010,11/2/2010,3
sp10-01-06,11/2/2010,11/5/2010,1
fa10-01-80,10/30/2010,11/2/2010,2.5
fa10-01-80,11/2/2010,11/5/2010,2.5
fa10-01-21,10/30/2010,11/2/2010,1
fa10-01-21,11/2/2010,11/5/2010,5
fa10-01-28,10/30/2010,11/2/2010,4.5
fa10-01-28,11/2/2010,11/5/2010,1
sp10-01-24,10/30/2010,11/2/2010,1.5
sp10-01-24,11/2/2010,11/5/2010,3.5
fa10-01-03,10/30/2010,11/2/2010,5
fa10-01-03,11/2/2010,11/5/2010,2.5
fa10-01-11,10/30/2010,11/2/2010,2.5
fa10-01-11,11/2/2010,11/5/2010,2
sp10-01-25,10/30/2010,11/2/2010,2.5
sp10-01-25,11/2/2010,11/5/2010,2
sp10-01-39,11/5/2010,11/8/2010,3
fa10-01-04,11/2/2010,11/5/2010,2.5
fa10-01-32,10/30/2010,11/2/2010,2
fa10-01-32,11/2/2010,11/5/2010,1.5
sp10-01-34,10/30/2010,11/2/2010,2.5
sp10-01-34,11/2/2010,11/5/2010,5
sp10-01-13,10/30/2010,11/2/2010,4.5
sp10-01-13,11/2/2010,11/5/2010,4.5
fa10-01-48,10/30/2010,11/2/2010,1
fa10-01-48,11/2/2010,11/5/2010,1.5
sp10-01-44,10/30/2010,11/2/2010,1
sp10-01-44,11/2/2010,11/5/2010,4
fa10-01-13,10/30/2010,11/2/2010,1
fa10-01-13,11/2/2010,11/5/2010,5
sp10-01-45,10/30/2010,11/2/2010,0.5
sp10-01-45,11/2/2010,11/5/2010,5
fa10-01-60,10/30/2010,11/2/2010,3
fa10-01-60,11/2/2010,11/5/2010,3
sp10-01-31,10/30/2010,11/2/2010,5
sp10-01-31,11/2/2010,11/5/2010,2
fa10-01-22,11/2/2010,11/5/2010,2
fa10-01-05,11/5/2010,11/8/2010,3
fa10-01-37,10/30/2010,11/2/2010,1
fa10-01-37,11/2/2010,11/5/2010,1.5
sp10-01-41,10/30/2010,11/2/2010,2
sp10-01-41,11/2/2010,11/5/2010,0.5
fa10-01-14,10/30/2010,11/2/2010,1.5
fa10-01-14,11/2/2010,11/5/2010,5
fa10-01-49,10/30/2010,11/2/2010,2.5
fa10-01-49,11/2/2010,11/5/2010,5
sp10-01-07,10/30/2010,11/2/2010,3
sp10-01-07,11/2/2010,11/5/2010,3.5
sp10-01-12,10/30/2010,11/2/2010,2.5
sp10-01-12,11/2/2010,11/5/2010,1.5
fa10-01-73,10/30/2010,11/2/2010,2.5
fa10-01-73,11/2/2010,11/5/2010,2.5
sp10-01-22,10/30/2010,11/2/2010,2.5
sp10-01-22,11/2/2010,11/5/2010,3.5
fa10-01-38,10/30/2010,11/2/2010,3.5
fa10-01-38,11/2/2010,11/5/2010,0.5
sp10-01-56,11/5/2010,11/8/2010,5
fa10-01-46,11/8/2010,11/11/2010,5
fa10-01-23,11/2/2010,11/5/2010,0.5
fa10-01-05,11/8/2010,11/11/2010,4
fa10-01-24,11/5/2010,11/8/2010,3
fa10-01-27,11/5/2010,11/8/2010,5
fa10-01-31,11/5/2010,11/8/2010,5
fa10-01-40,11/5/2010,11/8/2010,5
fa10-01-50,11/5/2010,11/8/2010,2
fa10-01-67,11/5/2010,11/8/2010,4.5
fa10-01-70,11/5/2010,11/8/2010,4
fa10-01-75,11/5/2010,11/8/2010,5
fa10-01-76,11/5/2010,11/8/2010,1.5
fa10-01-85,11/5/2010,11/8/2010,2.5
fa10-01-86,11/5/2010,11/8/2010,4.5
sp10-01-30,11/5/2010,11/8/2010,2.5
sp10-01-33,11/5/2010,11/8/2010,5
sp10-01-35,11/5/2010,11/8/2010,5
sp10-01-53,11/5/2010,11/8/2010,3.5
fa10-01-41,11/5/2010,11/8/2010,4
fa10-01-01,11/5/2010,11/8/2010,1.5
sp10-01-46,11/5/2010,11/8/2010,3.5
sp10-01-08,11/5/2010,11/8/2010,2.5
fa10-01-19,11/5/2010,11/8/2010,4.5
sp10-01-49,11/5/2010,11/8/2010,0.5
sp10-01-40,11/5/2010,11/8/2010,3.5
fa10-01-17,11/5/2010,11/8/2010,4
fa10-01-60,11/5/2010,11/8/2010,0.5
fa10-01-74,11/5/2010,11/8/2010,2.5
sp10-01-39,11/2/2010,11/5/2010,2
fa10-01-04,11/8/2010,11/11/2010,1
sp10-01-48,11/5/2010,11/8/2010,2.5
fa10-01-02,11/5/2010,11/8/2010,4
sp10-01-38,11/5/2010,11/8/2010,1.5
sp10-01-32,11/5/2010,11/8/2010,4.5
fa10-01-59,11/5/2010,11/8/2010,3.5
sp10-01-19,11/5/2010,11/8/2010,2.5
sp10-01-52,11/5/2010,11/8/2010,5
sp10-01-43,11/5/2010,11/8/2010,2.5
fa10-01-81,11/5/2010,11/8/2010,2.5
fa10-01-44,11/5/2010,11/8/2010,2.5
fa10-01-47,11/5/2010,11/8/2010,2.5
fa10-01-22,11/5/2010,11/8/2010,2
fa10-01-72,11/5/2010,11/8/2010,1.5
fa10-01-79,11/5/2010,11/8/2010,5
fa10-01-37,11/5/2010,11/8/2010,4
fa10-01-71,11/5/2010,11/8/2010,2
fa10-01-43,11/5/2010,11/8/2010,1.5
fa10-01-18,11/5/2010,11/8/2010,3
fa10-01-68,11/5/2010,11/8/2010,2
fa10-01-69,11/5/2010,11/8/2010,2.5
fa10-01-52,11/5/2010,11/8/2010,2
fa10-01-07,11/5/2010,11/8/2010,0.5
fa10-01-54,11/5/2010,11/8/2010,1.5
sp10-01-56,11/2/2010,11/5/2010,2.5
fa10-01-26,11/5/2010,11/8/2010,0.5
fa10-01-35,11/5/2010,11/8/2010,2
fa10-01-39,11/5/2010,11/8/2010,2.5
fa10-01-06,11/5/2010,11/8/2010,3
fa10-01-20,11/5/2010,11/8/2010,5
fa10-01-34,11/5/2010,11/8/2010,2
fa10-01-16,11/5/2010,11/8/2010,3.5
fa10-01-37,11/8/2010,11/11/2010,5
sp10-01-23,11/5/2010,11/8/2010,2.5
sp10-01-05,11/5/2010,11/8/2010,2.5
fa10-01-55,11/5/2010,11/8/2010,0.5
fa10-01-36,11/5/2010,11/8/2010,5
fa10-01-33,11/5/2010,11/8/2010,2.5
fa10-01-45,11/5/2010,11/8/2010,5
fa10-01-56,11/5/2010,11/8/2010,1.5
fa10-01-78,11/5/2010,11/8/2010,2.5
fa10-01-08,11/8/2010,11/11/2010,5
fa10-01-58,11/5/2010,11/8/2010,5
fa10-01-30,11/5/2010,11/8/2010,3
fa10-01-61,11/5/2010,11/8/2010,4
fa10-01-25,11/5/2010,11/8/2010,0.5
fa10-01-62,11/5/2010,11/8/2010,2.5
fa10-01-29,11/5/2010,11/8/2010,3
fa10-01-77,11/5/2010,11/8/2010,3
fa10-01-57,11/5/2010,11/8/2010,4.5
fa10-01-12,11/5/2010,11/8/2010,0.5
fa10-01-53,11/5/2010,11/8/2010,2
sp10-01-06,11/5/2010,11/8/2010,0.5
fa10-01-80,11/5/2010,11/8/2010,2.5
fa10-01-21,11/5/2010,11/8/2010,5
fa10-01-28,11/5/2010,11/8/2010,4.5
sp10-01-24,11/5/2010,11/8/2010,0.5
fa10-01-03,11/5/2010,11/8/2010,0.5
fa10-01-11,11/5/2010,11/8/2010,0.5
sp10-01-25,11/5/2010,11/8/2010,1.5
sp10-01-11,11/5/2010,11/8/2010,1
fa10-01-32,11/5/2010,11/8/2010,2
sp10-01-34,11/5/2010,11/8/2010,4
sp10-01-13,11/5/2010,11/8/2010,5
fa10-01-48,11/5/2010,11/8/2010,2
sp10-01-44,11/5/2010,11/8/2010,4.5
fa10-01-13,11/5/2010,11/8/2010,4.5
sp10-01-45,11/5/2010,11/8/2010,5
sp10-01-42,10/30/2010,11/2/2010,3
sp10-01-31,11/5/2010,11/8/2010,2.5
sp10-01-42,11/2/2010,11/5/2010,3
fa10-01-46,11/14/2010,11/17/2010,2.5
sp10-01-41,11/5/2010,11/8/2010,2
fa10-01-14,11/5/2010,11/8/2010,4
fa10-01-49,11/5/2010,11/8/2010,5
sp10-01-07,11/5/2010,11/8/2010,0.5
sp10-01-12,11/5/2010,11/8/2010,2
fa10-01-73,11/5/2010,11/8/2010,0.5
sp10-01-22,11/5/2010,11/8/2010,4.5
fa10-01-38,11/5/2010,11/8/2010,1
fa10-01-15,11/11/2010,11/14/2010,2.5
fa10-01-04,11/11/2010,11/14/2010,2.5
fa10-01-24,11/8/2010,11/11/2010,0.5
fa10-01-27,11/8/2010,11/11/2010,3.5
fa10-01-31,11/8/2010,11/11/2010,4.5
fa10-01-40,11/8/2010,11/11/2010,0.5
fa10-01-50,11/8/2010,11/11/2010,2
fa10-01-67,11/8/2010,11/11/2010,2.5
fa10-01-70,11/8/2010,11/11/2010,3.5
fa10-01-75,11/8/2010,11/11/2010,2.5
fa10-01-76,11/8/2010,11/11/2010,3
fa10-01-85,11/8/2010,11/11/2010,2.5
fa10-01-86,11/8/2010,11/11/2010,5
sp10-01-30,11/8/2010,11/11/2010,5
sp10-01-33,11/8/2010,11/11/2010,3.5
sp10-01-35,11/8/2010,11/11/2010,1.5
sp10-01-53,11/8/2010,11/11/2010,5
fa10-01-41,11/8/2010,11/11/2010,5
fa10-01-01,11/8/2010,11/11/2010,5
sp10-01-46,11/8/2010,11/11/2010,4.5
sp10-01-08,11/8/2010,11/11/2010,0.5
fa10-01-19,11/8/2010,11/11/2010,0.5
sp10-01-49,11/8/2010,11/11/2010,3.5
sp10-01-40,11/8/2010,11/11/2010,5
fa10-01-17,11/8/2010,11/11/2010,0.5
fa10-01-08,11/11/2010,11/14/2010,4
fa10-01-74,11/8/2010,11/11/2010,5
fa10-01-23,11/8/2010,11/11/2010,3
sp10-01-39,11/8/2010,11/11/2010,5
sp10-01-48,11/8/2010,11/11/2010,1.5
fa10-01-02,11/8/2010,11/11/2010,5
sp10-01-38,11/8/2010,11/11/2010,2
sp10-01-32,11/8/2010,11/11/2010,0.5
fa10-01-04,11/14/2010,11/17/2010,0.5
sp10-01-19,11/8/2010,11/11/2010,1
sp10-01-52,11/8/2010,11/11/2010,4.5
sp10-01-43,11/8/2010,11/11/2010,1.5
fa10-01-81,11/8/2010,11/11/2010,5
fa10-01-44,11/8/2010,11/11/2010,5
fa10-01-47,11/8/2010,11/11/2010,1.5
sp10-01-18,11/5/2010,11/8/2010,0.5
fa10-01-72,11/8/2010,11/11/2010,4.5
fa10-01-79,11/8/2010,11/11/2010,2.5
sp10-01-42,11/11/2010,11/14/2010,1
fa10-01-71,11/8/2010,11/11/2010,2.5
fa10-01-43,11/8/2010,11/11/2010,4.5
fa10-01-18,11/8/2010,11/11/2010,4.5
fa10-01-68,11/8/2010,11/11/2010,5
fa10-01-69,11/8/2010,11/11/2010,4
fa10-01-52,11/8/2010,11/11/2010,3.5
fa10-01-07,11/8/2010,11/11/2010,5
fa10-01-54,11/8/2010,11/11/2010,4
fa10-01-57,11/11/2010,11/14/2010,2.5
fa10-01-26,11/8/2010,11/11/2010,5
fa10-01-35,11/8/2010,11/11/2010,0.5
fa10-01-39,11/8/2010,11/11/2010,5
fa10-01-06,11/8/2010,11/11/2010,3
fa10-01-20,11/8/2010,11/11/2010,1
fa10-01-34,11/8/2010,11/11/2010,1.5
fa10-01-16,11/8/2010,11/11/2010,3.5
sp10-01-56,11/8/2010,11/11/2010,2.5
sp10-01-23,11/8/2010,11/11/2010,3.5
sp10-01-05,11/8/2010,11/11/2010,1.5
fa10-01-37,11/11/2010,11/14/2010,2
fa10-01-36,11/8/2010,11/11/2010,0.5
fa10-01-33,11/8/2010,11/11/2010,4.5
fa10-01-45,11/8/2010,11/11/2010,1.5
fa10-01-56,11/8/2010,11/11/2010,5
fa10-01-78,11/8/2010,11/11/2010,3
sp10-01-22,11/14/2010,11/17/2010,3
fa10-01-58,11/8/2010,11/11/2010,2
fa10-01-30,11/8/2010,11/11/2010,2.5
fa10-01-61,11/8/2010,11/11/2010,4.5
fa10-01-25,11/8/2010,11/11/2010,2.5
fa10-01-62,11/8/2010,11/11/2010,3
fa10-01-29,11/8/2010,11/11/2010,2.5
fa10-01-77,11/8/2010,11/11/2010,2.5
fa10-01-57,11/8/2010,11/11/2010,2.5
fa10-01-12,11/8/2010,11/11/2010,4
fa10-01-53,11/8/2010,11/11/2010,3.5
sp10-01-06,11/8/2010,11/11/2010,3.5
fa10-01-80,11/8/2010,11/11/2010,4.5
fa10-01-21,11/8/2010,11/11/2010,1.5
fa10-01-28,11/8/2010,11/11/2010,3
sp10-01-24,11/8/2010,11/11/2010,2.5
fa10-01-03,11/8/2010,11/11/2010,4
fa10-01-11,11/8/2010,11/11/2010,2.5
sp10-01-25,11/8/2010,11/11/2010,1
fa10-01-22,11/11/2010,11/14/2010,2.5
fa10-01-32,11/8/2010,11/11/2010,2.5
sp10-01-34,11/8/2010,11/11/2010,4.5
sp10-01-13,11/8/2010,11/11/2010,4.5
fa10-01-48,11/8/2010,11/11/2010,2.5
sp10-01-44,11/8/2010,11/11/2010,3
fa10-01-13,11/8/2010,11/11/2010,3.5
sp10-01-45,11/8/2010,11/11/2010,2.5
fa10-01-05,11/11/2010,11/14/2010,5
sp10-01-31,11/8/2010,11/11/2010,1
fa10-01-55,11/11/2010,11/14/2010,5
fa10-01-05,11/17/2010,11/20/2010,5
sp10-01-41,11/8/2010,11/11/2010,2.5
fa10-01-14,11/8/2010,11/11/2010,5
fa10-01-49,11/8/2010,11/11/2010,2.5
sp10-01-07,11/8/2010,11/11/2010,3.5
sp10-01-12,11/8/2010,11/11/2010,2.5
fa10-01-73,11/8/2010,11/11/2010,1.5
sp10-01-22,11/8/2010,11/11/2010,0.5
fa10-01-38,11/8/2010,11/11/2010,3.5
fa10-01-59,11/14/2010,11/17/2010,4.5
fa10-01-46,11/29/2010,12/2/2010,2.5
fa10-01-24,11/11/2010,11/14/2010,2.5
fa10-01-27,11/11/2010,11/14/2010,4.5
fa10-01-31,11/11/2010,11/14/2010,2.5
fa10-01-40,11/11/2010,11/14/2010,5
fa10-01-50,11/11/2010,11/14/2010,4
fa10-01-67,11/11/2010,11/14/2010,2.5
fa10-01-70,11/11/2010,11/14/2010,3
fa10-01-75,11/11/2010,11/14/2010,3.5
fa10-01-76,11/11/2010,11/14/2010,5
fa10-01-85,11/11/2010,11/14/2010,2
fa10-01-86,11/11/2010,11/14/2010,0.5
sp10-01-30,11/11/2010,11/14/2010,3
sp10-01-33,11/11/2010,11/14/2010,2.5
sp10-01-35,11/11/2010,11/14/2010,0.5
sp10-01-53,11/11/2010,11/14/2010,3.5
fa10-01-41,11/11/2010,11/14/2010,2.5
fa10-01-01,11/11/2010,11/14/2010,2.5
sp10-01-46,11/11/2010,11/14/2010,5
sp10-01-08,11/11/2010,11/14/2010,3
fa10-01-19,11/11/2010,11/14/2010,2
sp10-01-49,11/11/2010,11/14/2010,4.5
sp10-01-40,11/11/2010,11/14/2010,5
fa10-01-17,11/11/2010,11/14/2010,1.5
fa10-01-46,11/11/2010,11/14/2010,5
fa10-01-74,11/11/2010,11/14/2010,2
fa10-01-23,11/11/2010,11/14/2010,4.5
sp10-01-39,11/11/2010,11/14/2010,5
sp10-01-48,11/11/2010,11/14/2010,2
fa10-01-02,11/11/2010,11/14/2010,2.5
sp10-01-38,11/11/2010,11/14/2010,5
sp10-01-32,11/11/2010,11/14/2010,4.5
sp10-01-12,11/14/2010,11/17/2010,1.5
sp10-01-19,11/11/2010,11/14/2010,3.5
sp10-01-52,11/11/2010,11/14/2010,4
sp10-01-43,11/11/2010,11/14/2010,5
fa10-01-81,11/11/2010,11/14/2010,5
fa10-01-44,11/11/2010,11/14/2010,0.5
fa10-01-47,11/11/2010,11/14/2010,5
fa10-01-22,11/8/2010,11/11/2010,3
fa10-01-72,11/11/2010,11/14/2010,1.5
fa10-01-79,11/11/2010,11/14/2010,3
fa10-01-08,11/14/2010,11/17/2010,0.5
fa10-01-71,11/11/2010,11/14/2010,0.5
fa10-01-43,11/11/2010,11/14/2010,0.5
fa10-01-18,11/11/2010,11/14/2010,5
fa10-01-68,11/11/2010,11/14/2010,5
fa10-01-69,11/11/2010,11/14/2010,2.5
fa10-01-52,11/11/2010,11/14/2010,1
fa10-01-07,11/11/2010,11/14/2010,2.5
fa10-01-54,11/11/2010,11/14/2010,4.5
sp10-01-18,11/11/2010,11/14/2010,1
fa10-01-26,11/11/2010,11/14/2010,2.5
fa10-01-35,11/11/2010,11/14/2010,4.5
fa10-01-39,11/11/2010,11/14/2010,2.5
fa10-01-59,11/20/2010,11/23/2010,2
fa10-01-20,11/11/2010,11/14/2010,1.5
fa10-01-34,11/11/2010,11/14/2010,3
fa10-01-16,11/11/2010,11/14/2010,1.5
fa10-01-06,11/20/2010,11/23/2010,3
sp10-01-23,11/11/2010,11/14/2010,3.5
sp10-01-05,11/11/2010,11/14/2010,1
fa10-01-55,11/8/2010,11/11/2010,5
fa10-01-36,11/11/2010,11/14/2010,3.5
fa10-01-33,11/11/2010,11/14/2010,2.5
fa10-01-45,11/11/2010,11/14/2010,1.5
fa10-01-56,11/11/2010,11/14/2010,4.5
fa10-01-78,11/11/2010,11/14/2010,3.5
fa10-01-15,11/14/2010,11/17/2010,5
fa10-01-58,11/11/2010,11/14/2010,1.5
fa10-01-30,11/11/2010,11/14/2010,3
fa10-01-61,11/11/2010,11/14/2010,2
fa10-01-25,11/11/2010,11/14/2010,2
fa10-01-62,11/11/2010,11/14/2010,5
fa10-01-29,11/11/2010,11/14/2010,2
fa10-01-77,11/11/2010,11/14/2010,3
sp10-01-11,10/30/2010,11/2/2010,5
fa10-01-12,11/11/2010,11/14/2010,4.5
fa10-01-53,11/11/2010,11/14/2010,3.5
sp10-01-06,11/11/2010,11/14/2010,3
fa10-01-80,11/11/2010,11/14/2010,5
fa10-01-21,11/11/2010,11/14/2010,5
fa10-01-28,11/11/2010,11/14/2010,5
sp10-01-24,11/11/2010,11/14/2010,2.5
fa10-01-03,11/11/2010,11/14/2010,3.5
fa10-01-11,11/11/2010,11/14/2010,4
sp10-01-25,11/11/2010,11/14/2010,5
sp10-01-11,11/2/2010,11/5/2010,5
fa10-01-32,11/11/2010,11/14/2010,2
sp10-01-34,11/11/2010,11/14/2010,3.5
sp10-01-13,11/11/2010,11/14/2010,1
fa10-01-48,11/11/2010,11/14/2010,3.5
sp10-01-44,11/11/2010,11/14/2010,4.5
fa10-01-13,11/11/2010,11/14/2010,5
sp10-01-45,11/11/2010,11/14/2010,2
fa10-01-60,11/8/2010,11/11/2010,5
sp10-01-31,11/11/2010,11/14/2010,1.5
sp10-01-42,11/8/2010,11/11/2010,3
sp10-01-11,11/8/2010,11/11/2010,2
sp10-01-41,11/11/2010,11/14/2010,3
fa10-01-14,11/11/2010,11/14/2010,4.5
fa10-01-49,11/11/2010,11/14/2010,3.5
sp10-01-07,11/11/2010,11/14/2010,4.5
sp10-01-11,11/11/2010,11/14/2010,2.5
fa10-01-73,11/11/2010,11/14/2010,2
fa10-01-05,11/14/2010,11/17/2010,1.5
fa10-01-38,11/11/2010,11/14/2010,1
fa10-01-06,11/14/2010,11/17/2010,1.5
sp10-01-56,11/14/2010,11/17/2010,3.5
fa10-01-24,11/14/2010,11/17/2010,5
fa10-01-27,11/14/2010,11/17/2010,0.5
fa10-01-31,11/14/2010,11/17/2010,2.5
fa10-01-40,11/14/2010,11/17/2010,3.5
fa10-01-50,11/14/2010,11/17/2010,2
fa10-01-67,11/14/2010,11/17/2010,5
fa10-01-70,11/14/2010,11/17/2010,2.5
fa10-01-75,11/14/2010,11/17/2010,2.5
fa10-01-76,11/14/2010,11/17/2010,2
fa10-01-85,11/14/2010,11/17/2010,4
fa10-01-86,11/14/2010,11/17/2010,2.5
sp10-01-30,11/14/2010,11/17/2010,3.5
sp10-01-33,11/14/2010,11/17/2010,0.5
sp10-01-35,11/14/2010,11/17/2010,4
sp10-01-53,11/14/2010,11/17/2010,2.5
fa10-01-41,11/14/2010,11/17/2010,0.5
fa10-01-01,11/14/2010,11/17/2010,2.5
sp10-01-46,11/14/2010,11/17/2010,1.5
sp10-01-08,11/14/2010,11/17/2010,3.5
fa10-01-19,11/14/2010,11/17/2010,2.5
sp10-01-49,11/14/2010,11/17/2010,4.5
sp10-01-40,11/14/2010,11/17/2010,3
fa10-01-17,11/14/2010,11/17/2010,2
sp10-01-11,11/14/2010,11/17/2010,4.5
fa10-01-74,11/14/2010,11/17/2010,4
fa10-01-23,11/14/2010,11/17/2010,3.5
sp10-01-39,11/14/2010,11/17/2010,2
sp10-01-48,11/14/2010,11/17/2010,3.5
fa10-01-02,11/14/2010,11/17/2010,1
sp10-01-38,11/14/2010,11/17/2010,4
sp10-01-32,11/14/2010,11/17/2010,3
fa10-01-39,11/17/2010,11/20/2010,3
sp10-01-19,11/14/2010,11/17/2010,1.5
sp10-01-52,11/14/2010,11/17/2010,4.5
sp10-01-43,11/14/2010,11/17/2010,2.5
fa10-01-81,11/14/2010,11/17/2010,2
fa10-01-44,11/14/2010,11/17/2010,1.5
fa10-01-47,11/14/2010,11/17/2010,4.5
fa10-01-22,11/14/2010,11/17/2010,5
fa10-01-72,11/14/2010,11/17/2010,3.5
fa10-01-79,11/14/2010,11/17/2010,0.5
sp10-01-18,11/17/2010,11/20/2010,5
fa10-01-71,11/14/2010,11/17/2010,4
fa10-01-43,11/14/2010,11/17/2010,1
fa10-01-18,11/14/2010,11/17/2010,2.5
fa10-01-68,11/14/2010,11/17/2010,2.5
fa10-01-69,11/14/2010,11/17/2010,1
fa10-01-52,11/14/2010,11/17/2010,4.5
fa10-01-07,11/14/2010,11/17/2010,1.5
fa10-01-54,11/14/2010,11/17/2010,5
fa10-01-06,11/17/2010,11/20/2010,3
fa10-01-26,11/14/2010,11/17/2010,2
fa10-01-35,11/14/2010,11/17/2010,2.5
fa10-01-39,11/14/2010,11/17/2010,4.5
fa10-01-53,11/23/2010,11/26/2010,0.5
fa10-01-20,11/14/2010,11/17/2010,5
fa10-01-34,11/14/2010,11/17/2010,2.5
fa10-01-16,11/14/2010,11/17/2010,2.5
fa10-01-46,11/20/2010,11/23/2010,5
sp10-01-23,11/14/2010,11/17/2010,4
sp10-01-05,11/14/2010,11/17/2010,0.5
fa10-01-55,11/14/2010,11/17/2010,1.5
fa10-01-36,11/14/2010,11/17/2010,2.5
fa10-01-33,11/14/2010,11/17/2010,2
fa10-01-45,11/14/2010,11/17/2010,4
fa10-01-56,11/14/2010,11/17/2010,2
fa10-01-78,11/14/2010,11/17/2010,1.5
fa10-01-46,11/17/2010,11/20/2010,3.5
fa10-01-58,11/14/2010,11/17/2010,2.5
fa10-01-30,11/14/2010,11/17/2010,2
fa10-01-61,11/14/2010,11/17/2010,4
fa10-01-25,11/14/2010,11/17/2010,0.5
fa10-01-62,11/14/2010,11/17/2010,3.5
fa10-01-29,11/14/2010,11/17/2010,2.5
fa10-01-77,11/14/2010,11/17/2010,3.5
fa10-01-04,11/17/2010,11/20/2010,3
fa10-01-12,11/14/2010,11/17/2010,3.5
fa10-01-53,11/14/2010,11/17/2010,2
sp10-01-06,11/14/2010,11/17/2010,3
fa10-01-80,11/14/2010,11/17/2010,2
fa10-01-21,11/14/2010,11/17/2010,2.5
fa10-01-28,11/14/2010,11/17/2010,2.5
sp10-01-24,11/14/2010,11/17/2010,5
fa10-01-03,11/14/2010,11/17/2010,4
fa10-01-11,11/14/2010,11/17/2010,4
sp10-01-25,11/14/2010,11/17/2010,5
fa10-01-01,11/26/2010,11/29/2010,1
fa10-01-32,11/14/2010,11/17/2010,3
sp10-01-34,11/14/2010,11/17/2010,1.5
sp10-01-13,11/14/2010,11/17/2010,0.5
fa10-01-48,11/14/2010,11/17/2010,5
sp10-01-44,11/14/2010,11/17/2010,0.5
fa10-01-13,11/14/2010,11/17/2010,1
sp10-01-45,11/14/2010,11/17/2010,2.5
sp10-01-12,11/17/2010,11/20/2010,5
sp10-01-31,11/14/2010,11/17/2010,5
sp10-01-42,11/14/2010,11/17/2010,3
fa10-01-37,11/14/2010,11/17/2010,3
sp10-01-41,11/14/2010,11/17/2010,3
fa10-01-14,11/14/2010,11/17/2010,2.5
fa10-01-49,11/14/2010,11/17/2010,2.5
sp10-01-07,11/14/2010,11/17/2010,3.5
sp10-01-22,11/17/2010,11/20/2010,5
fa10-01-73,11/14/2010,11/17/2010,2
fa10-01-08,11/17/2010,11/20/2010,2.5
fa10-01-38,11/14/2010,11/17/2010,2
fa10-01-59,11/17/2010,11/20/2010,2.5
fa10-01-50,11/17/2010,11/20/2010,1.5
fa10-01-24,11/17/2010,11/20/2010,3.5
fa10-01-27,11/17/2010,11/20/2010,2.5
fa10-01-31,11/17/2010,11/20/2010,3
fa10-01-40,11/17/2010,11/20/2010,2.5
fa10-01-05,11/20/2010,11/23/2010,2
fa10-01-67,11/17/2010,11/20/2010,4.5
fa10-01-70,11/17/2010,11/20/2010,1.5
fa10-01-75,11/17/2010,11/20/2010,2.5
fa10-01-76,11/17/2010,11/20/2010,4
fa10-01-85,11/17/2010,11/20/2010,5
fa10-01-86,11/17/2010,11/20/2010,2.5
sp10-01-30,11/17/2010,11/20/2010,2.5
sp10-01-33,11/17/2010,11/20/2010,4
sp10-01-35,11/17/2010,11/20/2010,4
sp10-01-53,11/17/2010,11/20/2010,2.5
fa10-01-43,11/20/2010,11/23/2010,1
fa10-01-01,11/17/2010,11/20/2010,2.5
sp10-01-46,11/17/2010,11/20/2010,2.5
sp10-01-08,11/17/2010,11/20/2010,3.5
fa10-01-19,11/17/2010,11/20/2010,4.5
sp10-01-49,11/17/2010,11/20/2010,2.5
sp10-01-40,11/17/2010,11/20/2010,2.5
fa10-01-17,11/17/2010,11/20/2010,5
sp10-01-11,11/17/2010,11/20/2010,5
fa10-01-74,11/17/2010,11/20/2010,2.5
fa10-01-23,11/17/2010,11/20/2010,1.5
sp10-01-39,11/17/2010,11/20/2010,1.5
sp10-01-48,11/17/2010,11/20/2010,5
fa10-01-02,11/17/2010,11/20/2010,3.5
sp10-01-38,11/17/2010,11/20/2010,0.5
sp10-01-32,11/17/2010,11/20/2010,2.5
sp10-01-56,11/26/2010,11/29/2010,2.5
sp10-01-19,11/17/2010,11/20/2010,4.5
sp10-01-52,11/17/2010,11/20/2010,2.5
sp10-01-43,11/17/2010,11/20/2010,2.5
fa10-01-81,11/17/2010,11/20/2010,1
fa10-01-44,11/17/2010,11/20/2010,2
fa10-01-47,11/17/2010,11/20/2010,4.5
fa10-01-22,11/17/2010,11/20/2010,3.5
fa10-01-72,11/17/2010,11/20/2010,3.5
fa10-01-79,11/17/2010,11/20/2010,5
sp10-01-08,11/29/2010,12/2/2010,1
fa10-01-71,11/17/2010,11/20/2010,5
fa10-01-34,11/17/2010,11/20/2010,2
fa10-01-18,11/17/2010,11/20/2010,5
fa10-01-68,11/17/2010,11/20/2010,3.5
fa10-01-69,11/17/2010,11/20/2010,5
fa10-01-52,11/17/2010,11/20/2010,2
fa10-01-07,11/17/2010,11/20/2010,3.5
fa10-01-78,11/23/2010,11/26/2010,5
sp10-01-18,11/14/2010,11/17/2010,3
fa10-01-26,11/17/2010,11/20/2010,4
fa10-01-35,11/17/2010,11/20/2010,1.5
fa10-01-43,12/2/2010,12/5/2010,2.5
sp10-01-05,11/20/2010,11/23/2010,0.5
fa10-01-20,11/17/2010,11/20/2010,5
fa10-01-78,11/20/2010,11/23/2010,2
fa10-01-16,11/17/2010,11/20/2010,5
fa10-01-55,11/17/2010,11/20/2010,0.5
sp10-01-23,11/17/2010,11/20/2010,3.5
fa10-01-60,11/17/2010,11/20/2010,4
sp10-01-06,11/20/2010,11/23/2010,2
fa10-01-36,11/17/2010,11/20/2010,2
fa10-01-33,11/17/2010,11/20/2010,4
fa10-01-45,11/17/2010,11/20/2010,5
fa10-01-56,11/17/2010,11/20/2010,1.5
fa10-01-04,11/20/2010,11/23/2010,5
sp10-01-12,11/26/2010,11/29/2010,2
fa10-01-58,11/17/2010,11/20/2010,4.5
fa10-01-30,11/17/2010,11/20/2010,5
fa10-01-61,11/17/2010,11/20/2010,5
fa10-01-25,11/17/2010,11/20/2010,5
fa10-01-62,11/17/2010,11/20/2010,5
fa10-01-29,11/17/2010,11/20/2010,5
fa10-01-77,11/17/2010,11/20/2010,5
fa10-01-57,11/14/2010,11/17/2010,3
fa10-01-12,11/17/2010,11/20/2010,2.5
sp10-01-22,11/23/2010,11/26/2010,4.5
fa10-01-78,11/17/2010,11/20/2010,4
fa10-01-80,11/17/2010,11/20/2010,3
fa10-01-21,11/17/2010,11/20/2010,2
fa10-01-28,11/17/2010,11/20/2010,3.5
sp10-01-24,11/17/2010,11/20/2010,5
fa10-01-03,11/17/2010,11/20/2010,1.5
fa10-01-11,11/17/2010,11/20/2010,3.5
sp10-01-25,11/17/2010,11/20/2010,2.5
sp10-01-22,11/20/2010,11/23/2010,3.5
fa10-01-32,11/17/2010,11/20/2010,5
sp10-01-34,11/17/2010,11/20/2010,2.5
sp10-01-13,11/17/2010,11/20/2010,2.5
fa10-01-48,11/17/2010,11/20/2010,2.5
sp10-01-44,11/17/2010,11/20/2010,1
fa10-01-13,11/17/2010,11/20/2010,2
sp10-01-45,11/17/2010,11/20/2010,3
fa10-01-05,12/11/2010,12/14/2010,4.5
sp10-01-31,11/17/2010,11/20/2010,4.5
fa10-01-53,12/2/2010,12/5/2010,1.5
fa10-01-37,11/17/2010,11/20/2010,5
sp10-01-41,11/17/2010,11/20/2010,5
fa10-01-14,11/17/2010,11/20/2010,2.5
fa10-01-49,11/17/2010,11/20/2010,0.5
sp10-01-07,11/17/2010,11/20/2010,1.5
sp10-01-22,11/11/2010,11/14/2010,1.5
fa10-01-73,11/17/2010,11/20/2010,5
fa10-01-15,11/20/2010,11/23/2010,2.5
fa10-01-38,11/17/2010,11/20/2010,2.5
fa10-01-05,11/23/2010,11/26/2010,3.5
fa10-01-15,11/23/2010,11/26/2010,1.5
fa10-01-24,11/20/2010,11/23/2010,2.5
fa10-01-27,11/20/2010,11/23/2010,3.5
fa10-01-31,11/20/2010,11/23/2010,4
fa10-01-40,11/20/2010,11/23/2010,2.5
fa10-01-50,11/20/2010,11/23/2010,4.5
fa10-01-67,11/20/2010,11/23/2010,2
fa10-01-70,11/20/2010,11/23/2010,5
fa10-01-75,11/20/2010,11/23/2010,5
fa10-01-76,11/20/2010,11/23/2010,4
fa10-01-85,11/20/2010,11/23/2010,3.5
fa10-01-86,11/20/2010,11/23/2010,4
sp10-01-30,11/20/2010,11/23/2010,4.5
sp10-01-33,11/20/2010,11/23/2010,4.5
sp10-01-35,11/20/2010,11/23/2010,4
sp10-01-53,11/20/2010,11/23/2010,3.5
fa10-01-05,11/26/2010,11/29/2010,0.5
fa10-01-01,11/20/2010,11/23/2010,4
sp10-01-46,11/20/2010,11/23/2010,1.5
sp10-01-08,11/20/2010,11/23/2010,4
fa10-01-19,11/20/2010,11/23/2010,3.5
sp10-01-49,11/20/2010,11/23/2010,3.5
sp10-01-40,11/20/2010,11/23/2010,2.5
fa10-01-17,11/20/2010,11/23/2010,4
sp10-01-11,11/20/2010,11/23/2010,2.5
fa10-01-74,11/20/2010,11/23/2010,4.5
fa10-01-23,11/20/2010,11/23/2010,0.5
sp10-01-39,11/20/2010,11/23/2010,2.5
sp10-01-48,11/20/2010,11/23/2010,4.5
fa10-01-02,11/20/2010,11/23/2010,0.5
sp10-01-38,11/20/2010,11/23/2010,2.5
sp10-01-32,11/20/2010,11/23/2010,2.5
fa10-01-54,11/26/2010,11/29/2010,0.5
sp10-01-19,11/20/2010,11/23/2010,5
sp10-01-52,11/20/2010,11/23/2010,4.5
sp10-01-43,11/20/2010,11/23/2010,0.5
fa10-01-81,11/20/2010,11/23/2010,2
fa10-01-44,11/20/2010,11/23/2010,0.5
fa10-01-47,11/20/2010,11/23/2010,3
fa10-01-22,11/20/2010,11/23/2010,3.5
fa10-01-72,11/20/2010,11/23/2010,2.5
fa10-01-79,11/20/2010,11/23/2010,4
fa10-01-54,11/23/2010,11/26/2010,0.5
fa10-01-71,11/20/2010,11/23/2010,2
fa10-01-06,11/23/2010,11/26/2010,3
fa10-01-18,11/20/2010,11/23/2010,3.5
fa10-01-68,11/20/2010,11/23/2010,4.5
fa10-01-69,11/20/2010,11/23/2010,4
fa10-01-52,11/20/2010,11/23/2010,2.5
fa10-01-07,11/20/2010,11/23/2010,4.5
sp10-01-56,11/23/2010,11/26/2010,5
sp10-01-18,11/20/2010,11/23/2010,5
fa10-01-26,11/20/2010,11/23/2010,1.5
fa10-01-35,11/20/2010,11/23/2010,4.5
fa10-01-39,11/20/2010,11/23/2010,1
fa10-01-59,12/2/2010,12/5/2010,1.5
fa10-01-20,11/20/2010,11/23/2010,4.5
fa10-01-34,11/20/2010,11/23/2010,5
fa10-01-16,11/20/2010,11/23/2010,1.5
fa10-01-41,11/23/2010,11/26/2010,0.5
sp10-01-23,11/20/2010,11/23/2010,3
fa10-01-46,11/23/2010,11/26/2010,1
fa10-01-55,11/20/2010,11/23/2010,2.5
fa10-01-36,11/20/2010,11/23/2010,3.5
fa10-01-33,11/20/2010,11/23/2010,3
fa10-01-45,11/20/2010,11/23/2010,2.5
fa10-01-56,11/20/2010,11/23/2010,2
fa10-01-57,11/23/2010,11/26/2010,2.5
fa10-01-04,11/26/2010,11/29/2010,2
fa10-01-58,11/20/2010,11/23/2010,3
fa10-01-30,11/20/2010,11/23/2010,2.5
fa10-01-61,11/20/2010,11/23/2010,1.5
fa10-01-25,11/20/2010,11/23/2010,2.5
fa10-01-62,11/20/2010,11/23/2010,1
fa10-01-29,11/20/2010,11/23/2010,2
fa10-01-77,11/20/2010,11/23/2010,5
sp10-01-06,11/23/2010,11/26/2010,2
fa10-01-12,11/20/2010,11/23/2010,3.5
fa10-01-04,11/23/2010,11/26/2010,5
fa10-01-60,11/20/2010,11/23/2010,2.5
fa10-01-80,11/20/2010,11/23/2010,5
fa10-01-21,11/20/2010,11/23/2010,5
fa10-01-28,11/20/2010,11/23/2010,4.5
sp10-01-24,11/20/2010,11/23/2010,0.5
fa10-01-03,11/20/2010,11/23/2010,3
fa10-01-11,11/20/2010,11/23/2010,4
sp10-01-25,11/20/2010,11/23/2010,1.5
fa10-01-06,11/29/2010,12/2/2010,1.5
fa10-01-32,11/20/2010,11/23/2010,2.5
sp10-01-34,11/20/2010,11/23/2010,3.5
sp10-01-13,11/20/2010,11/23/2010,2.5
fa10-01-48,11/20/2010,11/23/2010,4
sp10-01-44,11/20/2010,11/23/2010,5
fa10-01-13,11/20/2010,11/23/2010,2
sp10-01-45,11/20/2010,11/23/2010,3.5
fa10-01-62,11/26/2010,11/29/2010,3.5
sp10-01-31,11/20/2010,11/23/2010,3.5
sp10-01-12,11/23/2010,11/26/2010,5
fa10-01-37,11/20/2010,11/23/2010,3
sp10-01-41,11/20/2010,11/23/2010,2.5
fa10-01-14,11/20/2010,11/23/2010,2
fa10-01-49,11/20/2010,11/23/2010,1
sp10-01-07,11/20/2010,11/23/2010,0.5
fa10-01-08,11/23/2010,11/26/2010,2.5
fa10-01-73,11/20/2010,11/23/2010,4
fa10-01-15,11/26/2010,11/29/2010,0.5
fa10-01-38,11/20/2010,11/23/2010,4
sp10-01-06,11/29/2010,12/2/2010,5
fa10-01-46,11/2/2010,11/5/2010,1.5
fa10-01-24,11/23/2010,11/26/2010,5
fa10-01-27,11/23/2010,11/26/2010,4
fa10-01-31,11/23/2010,11/26/2010,2.5
fa10-01-40,11/23/2010,11/26/2010,5
fa10-01-50,11/23/2010,11/26/2010,2
fa10-01-67,11/23/2010,11/26/2010,3
fa10-01-70,11/23/2010,11/26/2010,3
fa10-01-75,11/23/2010,11/26/2010,2.5
fa10-01-76,11/23/2010,11/26/2010,1.5
fa10-01-85,11/23/2010,11/26/2010,2.5
fa10-01-86,11/23/2010,11/26/2010,4
sp10-01-30,11/23/2010,11/26/2010,2.5
sp10-01-33,11/23/2010,11/26/2010,2.5
sp10-01-35,11/23/2010,11/26/2010,5
sp10-01-53,11/23/2010,11/26/2010,5
sp10-01-12,12/2/2010,12/5/2010,2.5
fa10-01-08,11/29/2010,12/2/2010,5
sp10-01-46,11/23/2010,11/26/2010,5
fa10-01-15,12/2/2010,12/5/2010,3
fa10-01-19,11/23/2010,11/26/2010,5
sp10-01-49,11/23/2010,11/26/2010,0.5
sp10-01-40,11/23/2010,11/26/2010,5
fa10-01-17,11/23/2010,11/26/2010,2
sp10-01-11,11/23/2010,11/26/2010,1
fa10-01-74,11/23/2010,11/26/2010,1
fa10-01-23,11/23/2010,11/26/2010,5
sp10-01-39,11/23/2010,11/26/2010,2.5
sp10-01-48,11/23/2010,11/26/2010,2.5
fa10-01-02,11/23/2010,11/26/2010,5
sp10-01-38,11/23/2010,11/26/2010,3
sp10-01-32,11/23/2010,11/26/2010,1.5
fa10-01-59,11/26/2010,11/29/2010,5
sp10-01-19,11/23/2010,11/26/2010,3.5
sp10-01-52,11/23/2010,11/26/2010,5
sp10-01-43,11/23/2010,11/26/2010,2
fa10-01-81,11/23/2010,11/26/2010,3.5
fa10-01-44,11/23/2010,11/26/2010,2
fa10-01-47,11/23/2010,11/26/2010,0.5
fa10-01-22,11/23/2010,11/26/2010,2.5
fa10-01-72,11/23/2010,11/26/2010,2.5
sp10-01-48,12/2/2010,12/5/2010,4
fa10-01-43,11/26/2010,11/29/2010,1
fa10-01-71,11/23/2010,11/26/2010,2.5
sp10-01-33,11/29/2010,12/2/2010,1.5
fa10-01-18,11/23/2010,11/26/2010,0.5
fa10-01-68,11/23/2010,11/26/2010,0.5
fa10-01-69,11/23/2010,11/26/2010,4
fa10-01-52,11/23/2010,11/26/2010,1.5
fa10-01-07,11/23/2010,11/26/2010,2
fa10-01-06,11/26/2010,11/29/2010,3
sp10-01-18,11/23/2010,11/26/2010,2.5
fa10-01-26,11/23/2010,11/26/2010,5
fa10-01-35,11/23/2010,11/26/2010,3.5
fa10-01-39,11/23/2010,11/26/2010,4
sp10-01-56,11/17/2010,11/20/2010,2.5
fa10-01-20,11/23/2010,11/26/2010,5
fa10-01-34,11/23/2010,11/26/2010,5
fa10-01-16,11/23/2010,11/26/2010,5
sp10-01-56,11/20/2010,11/23/2010,2
sp10-01-23,11/23/2010,11/26/2010,3.5
fa10-01-78,11/26/2010,11/29/2010,1
fa10-01-55,11/23/2010,11/26/2010,5
fa10-01-36,11/23/2010,11/26/2010,5
fa10-01-33,11/23/2010,11/26/2010,5
fa10-01-45,11/23/2010,11/26/2010,1.5
fa10-01-56,11/23/2010,11/26/2010,5
fa10-01-46,11/26/2010,11/29/2010,5
fa10-01-79,12/2/2010,12/5/2010,2.5
fa10-01-58,11/23/2010,11/26/2010,3
fa10-01-30,11/23/2010,11/26/2010,3
fa10-01-61,11/23/2010,11/26/2010,4
fa10-01-25,11/23/2010,11/26/2010,4.5
fa10-01-62,11/23/2010,11/26/2010,4
fa10-01-29,11/23/2010,11/26/2010,3.5
fa10-01-77,11/23/2010,11/26/2010,0.5
fa10-01-57,11/20/2010,11/23/2010,5
fa10-01-12,11/23/2010,11/26/2010,1
sp10-01-06,11/26/2010,11/29/2010,2.5
fa10-01-60,11/26/2010,11/29/2010,1.5
fa10-01-80,11/23/2010,11/26/2010,1
fa10-01-21,11/23/2010,11/26/2010,2.5
fa10-01-28,11/23/2010,11/26/2010,0.5
sp10-01-24,11/23/2010,11/26/2010,3
fa10-01-03,11/23/2010,11/26/2010,5
fa10-01-11,11/23/2010,11/26/2010,2
sp10-01-25,11/23/2010,11/26/2010,3
fa10-01-54,11/29/2010,12/2/2010,3
fa10-01-32,11/23/2010,11/26/2010,3
sp10-01-34,11/23/2010,11/26/2010,2
sp10-01-13,11/23/2010,11/26/2010,2.5
fa10-01-48,11/23/2010,11/26/2010,2
sp10-01-44,11/23/2010,11/26/2010,5
fa10-01-13,11/23/2010,11/26/2010,5
sp10-01-45,11/23/2010,11/26/2010,1.5
fa10-01-60,11/14/2010,11/17/2010,5
sp10-01-31,11/23/2010,11/26/2010,1.5
fa10-01-05,10/30/2010,11/2/2010,0.5
fa10-01-37,11/23/2010,11/26/2010,1
sp10-01-41,11/23/2010,11/26/2010,0.5
fa10-01-14,11/23/2010,11/26/2010,5
fa10-01-49,11/23/2010,11/26/2010,2
sp10-01-07,11/23/2010,11/26/2010,4.5
sp10-01-22,11/26/2010,11/29/2010,5
fa10-01-73,11/23/2010,11/26/2010,5
sp10-01-05,11/29/2010,12/2/2010,0.5
fa10-01-38,11/23/2010,11/26/2010,5
sp10-01-06,11/17/2010,11/20/2010,2.5
fa10-01-62,11/29/2010,12/2/2010,4
fa10-01-24,11/26/2010,11/29/2010,1.5
fa10-01-27,11/26/2010,11/29/2010,4
fa10-01-31,11/26/2010,11/29/2010,3.5
fa10-01-40,11/26/2010,11/29/2010,3
fa10-01-50,11/26/2010,11/29/2010,2.5
fa10-01-67,11/26/2010,11/29/2010,1.5
fa10-01-70,11/26/2010,11/29/2010,1.5
fa10-01-75,11/26/2010,11/29/2010,3.5
fa10-01-76,11/26/2010,11/29/2010,2.5
fa10-01-85,11/26/2010,11/29/2010,2.5
fa10-01-86,11/26/2010,11/29/2010,2.5
sp10-01-30,11/26/2010,11/29/2010,2.5
sp10-01-19,12/5/2010,12/8/2010,5
sp10-01-35,11/26/2010,11/29/2010,1
sp10-01-53,11/26/2010,11/29/2010,4.5
fa10-01-49,12/5/2010,12/8/2010,2.5
fa10-01-08,12/2/2010,12/5/2010,4.5
sp10-01-46,11/26/2010,11/29/2010,2
fa10-01-50,12/2/2010,12/5/2010,1
fa10-01-19,11/26/2010,11/29/2010,0.5
sp10-01-49,11/26/2010,11/29/2010,3
sp10-01-40,11/26/2010,11/29/2010,5
fa10-01-17,11/26/2010,11/29/2010,1.5
sp10-01-11,11/26/2010,11/29/2010,1.5
fa10-01-74,11/26/2010,11/29/2010,2
fa10-01-23,11/26/2010,11/29/2010,1.5
sp10-01-39,11/26/2010,11/29/2010,3.5
fa10-01-08,11/26/2010,11/29/2010,0.5
fa10-01-02,11/26/2010,11/29/2010,3
sp10-01-38,11/26/2010,11/29/2010,5
sp10-01-32,11/26/2010,11/29/2010,2.5
sp10-01-12,11/29/2010,12/2/2010,2.5
sp10-01-19,11/26/2010,11/29/2010,1
sp10-01-52,11/26/2010,11/29/2010,5
sp10-01-43,11/26/2010,11/29/2010,5
fa10-01-81,11/26/2010,11/29/2010,4.5
fa10-01-44,11/26/2010,11/29/2010,2.5
fa10-01-47,11/26/2010,11/29/2010,2.5
fa10-01-22,11/26/2010,11/29/2010,2
fa10-01-72,11/26/2010,11/29/2010,2.5
fa10-01-49,12/2/2010,12/5/2010,5
sp10-01-33,11/26/2010,11/29/2010,0.5
fa10-01-71,11/26/2010,11/29/2010,2.5
fa10-01-32,12/8/2010,12/11/2010,2.5
fa10-01-18,11/26/2010,11/29/2010,1.5
fa10-01-68,11/26/2010,11/29/2010,2.5
fa10-01-69,11/26/2010,11/29/2010,3
fa10-01-52,11/26/2010,11/29/2010,4
fa10-01-07,11/26/2010,11/29/2010,5
fa10-01-15,11/29/2010,12/2/2010,2
sp10-01-18,11/26/2010,11/29/2010,1
fa10-01-26,11/26/2010,11/29/2010,2.5
fa10-01-35,11/26/2010,11/29/2010,1
fa10-01-49,12/14/2010,12/17/2010,2.5
fa10-01-01,11/23/2010,11/26/2010,0.5
fa10-01-20,11/26/2010,11/29/2010,0.5
fa10-01-34,11/26/2010,11/29/2010,5
fa10-01-16,11/26/2010,11/29/2010,3
sp10-01-56,11/11/2010,11/14/2010,0.5
sp10-01-23,11/26/2010,11/29/2010,4
fa10-01-04,10/30/2010,11/2/2010,5
fa10-01-55,11/26/2010,11/29/2010,5
fa10-01-36,11/26/2010,11/29/2010,3.5
fa10-01-33,11/26/2010,11/29/2010,5
fa10-01-45,11/26/2010,11/29/2010,5
fa10-01-56,11/26/2010,11/29/2010,5
fa10-01-01,11/29/2010,12/2/2010,4
fa10-01-44,12/2/2010,12/5/2010,4.5
fa10-01-58,11/26/2010,11/29/2010,5
fa10-01-30,11/26/2010,11/29/2010,2.5
fa10-01-61,11/26/2010,11/29/2010,2.5
fa10-01-25,11/26/2010,11/29/2010,4.5
sp10-01-48,11/29/2010,12/2/2010,0.5
fa10-01-29,11/26/2010,11/29/2010,2.5
fa10-01-77,11/26/2010,11/29/2010,0.5
fa10-01-57,11/26/2010,11/29/2010,5
fa10-01-12,11/26/2010,11/29/2010,5
fa10-01-33,12/2/2010,12/5/2010,1.5
fa10-01-54,11/20/2010,11/23/2010,0.5
fa10-01-80,11/26/2010,11/29/2010,3
fa10-01-21,11/26/2010,11/29/2010,2
fa10-01-28,11/26/2010,11/29/2010,3.5
sp10-01-24,11/26/2010,11/29/2010,2
fa10-01-03,11/26/2010,11/29/2010,2
fa10-01-11,11/26/2010,11/29/2010,2
sp10-01-25,11/26/2010,11/29/2010,1
fa10-01-79,11/29/2010,12/2/2010,2.5
fa10-01-32,11/26/2010,11/29/2010,5
sp10-01-34,11/26/2010,11/29/2010,3
sp10-01-13,11/26/2010,11/29/2010,4.5
fa10-01-48,11/26/2010,11/29/2010,5
sp10-01-44,11/26/2010,11/29/2010,0.5
fa10-01-13,11/26/2010,11/29/2010,3.5
sp10-01-45,11/26/2010,11/29/2010,4.5
fa10-01-60,11/23/2010,11/26/2010,1
sp10-01-31,11/26/2010,11/29/2010,0.5
sp10-01-05,11/23/2010,11/26/2010,2.5
fa10-01-37,11/26/2010,11/29/2010,3.5
sp10-01-41,11/26/2010,11/29/2010,3.5
fa10-01-14,11/26/2010,11/29/2010,4.5
fa10-01-43,11/17/2010,11/20/2010,0.5
sp10-01-07,11/26/2010,11/29/2010,5
fa10-01-43,11/23/2010,11/26/2010,1
fa10-01-73,11/26/2010,11/29/2010,4
sp10-01-42,11/26/2010,11/29/2010,4.5
fa10-01-38,11/26/2010,11/29/2010,1
fa10-01-39,11/26/2010,11/29/2010,3
sp10-01-08,12/5/2010,12/8/2010,2
fa10-01-24,11/29/2010,12/2/2010,2.5
fa10-01-27,11/29/2010,12/2/2010,1.5
fa10-01-31,11/29/2010,12/2/2010,2.5
fa10-01-40,11/29/2010,12/2/2010,1.5
fa10-01-50,11/29/2010,12/2/2010,3
fa10-01-67,11/29/2010,12/2/2010,2.5
fa10-01-70,11/29/2010,12/2/2010,2
fa10-01-75,11/29/2010,12/2/2010,1
fa10-01-76,11/29/2010,12/2/2010,2.5
fa10-01-85,11/29/2010,12/2/2010,5
fa10-01-86,11/29/2010,12/2/2010,4.5
sp10-01-30,11/29/2010,12/2/2010,2
fa10-01-15,11/17/2010,11/20/2010,5
sp10-01-35,11/29/2010,12/2/2010,4
sp10-01-53,11/29/2010,12/2/2010,1.5
sp10-01-08,11/26/2010,11/29/2010,2.5
sp10-01-48,11/26/2010,11/29/2010,2
sp10-01-46,11/29/2010,12/2/2010,4
fa10-01-41,12/2/2010,12/5/2010,2
fa10-01-19,11/29/2010,12/2/2010,2.5
sp10-01-49,11/29/2010,12/2/2010,3
sp10-01-40,11/29/2010,12/2/2010,0.5
fa10-01-17,11/29/2010,12/2/2010,4
sp10-01-11,11/29/2010,12/2/2010,2.5
fa10-01-74,11/29/2010,12/2/2010,4.5
fa10-01-23,11/29/2010,12/2/2010,2.5
sp10-01-39,11/29/2010,12/2/2010,0.5
sp10-01-19,12/2/2010,12/5/2010,2.5
fa10-01-02,11/29/2010,12/2/2010,2.5
sp10-01-38,11/29/2010,12/2/2010,0.5
sp10-01-32,11/29/2010,12/2/2010,2.5
fa10-01-59,12/8/2010,12/11/2010,3
sp10-01-42,11/20/2010,11/23/2010,2
sp10-01-52,11/29/2010,12/2/2010,1.5
sp10-01-43,11/29/2010,12/2/2010,4.5
fa10-01-81,11/29/2010,12/2/2010,4.5
sp10-01-42,11/23/2010,11/26/2010,4.5
fa10-01-47,11/29/2010,12/2/2010,5
fa10-01-22,11/29/2010,12/2/2010,3
fa10-01-72,11/29/2010,12/2/2010,3.5
fa10-01-54,11/17/2010,11/20/2010,2.5
fa10-01-05,11/29/2010,12/2/2010,2.5
fa10-01-71,11/29/2010,12/2/2010,3
fa10-01-06,11/11/2010,11/14/2010,4
fa10-01-18,11/29/2010,12/2/2010,2
fa10-01-68,11/29/2010,12/2/2010,3
fa10-01-69,11/29/2010,12/2/2010,0.5
fa10-01-52,11/29/2010,12/2/2010,4.5
fa10-01-07,11/29/2010,12/2/2010,1
sp10-01-05,11/17/2010,11/20/2010,0.5
sp10-01-18,11/29/2010,12/2/2010,4
fa10-01-26,11/29/2010,12/2/2010,1
fa10-01-35,11/29/2010,12/2/2010,2
fa10-01-39,11/29/2010,12/2/2010,2.5
sp10-01-05,11/26/2010,11/29/2010,1
fa10-01-20,11/29/2010,12/2/2010,2.5
fa10-01-34,11/29/2010,12/2/2010,1
fa10-01-16,11/29/2010,12/2/2010,0.5
sp10-01-56,11/29/2010,12/2/2010,1.5
sp10-01-23,11/29/2010,12/2/2010,2.5
fa10-01-46,11/5/2010,11/8/2010,5
fa10-01-55,11/29/2010,12/2/2010,1
fa10-01-36,11/29/2010,12/2/2010,1.5
fa10-01-33,11/29/2010,12/2/2010,2
fa10-01-45,11/29/2010,12/2/2010,2.5
fa10-01-56,11/29/2010,12/2/2010,4
fa10-01-78,11/29/2010,12/2/2010,1.5
sp10-01-42,11/29/2010,12/2/2010,5
fa10-01-58,11/29/2010,12/2/2010,1.5
fa10-01-30,11/29/2010,12/2/2010,2.5
fa10-01-61,11/29/2010,12/2/2010,2.5
fa10-01-25,11/29/2010,12/2/2010,1.5
sp10-01-42,12/5/2010,12/8/2010,3
fa10-01-29,11/29/2010,12/2/2010,1.5
fa10-01-77,11/29/2010,12/2/2010,2.5
fa10-01-57,11/29/2010,12/2/2010,2
fa10-01-12,11/29/2010,12/2/2010,2.5
fa10-01-44,12/14/2010,12/17/2010,5
sp10-01-12,12/5/2010,12/8/2010,4
fa10-01-80,11/29/2010,12/2/2010,5
fa10-01-21,11/29/2010,12/2/2010,1.5
fa10-01-28,11/29/2010,12/2/2010,2.5
sp10-01-24,11/29/2010,12/2/2010,5
fa10-01-03,11/29/2010,12/2/2010,2.5
fa10-01-11,11/29/2010,12/2/2010,4
sp10-01-25,11/29/2010,12/2/2010,5
fa10-01-04,11/29/2010,12/2/2010,2.5
fa10-01-32,11/29/2010,12/2/2010,2
sp10-01-34,11/29/2010,12/2/2010,2.5
sp10-01-13,11/29/2010,12/2/2010,1.5
fa10-01-48,11/29/2010,12/2/2010,4.5
sp10-01-44,11/29/2010,12/2/2010,2
fa10-01-13,11/29/2010,12/2/2010,1
sp10-01-45,11/29/2010,12/2/2010,2.5
fa10-01-60,11/29/2010,12/2/2010,2
sp10-01-31,11/29/2010,12/2/2010,2.5
fa10-01-49,11/29/2010,12/2/2010,2
fa10-01-37,11/29/2010,12/2/2010,1.5
sp10-01-41,11/29/2010,12/2/2010,5
fa10-01-14,11/29/2010,12/2/2010,1.5
sp10-01-12,11/20/2010,11/23/2010,0.5
sp10-01-07,11/29/2010,12/2/2010,1
fa10-01-08,11/20/2010,11/23/2010,4.5
fa10-01-73,11/29/2010,12/2/2010,0.5
sp10-01-22,11/29/2010,12/2/2010,2
fa10-01-38,11/29/2010,12/2/2010,3
fa10-01-56,12/8/2010,12/11/2010,4
fa10-01-70,12/5/2010,12/8/2010,2.5
fa10-01-24,12/2/2010,12/5/2010,3
fa10-01-27,12/2/2010,12/5/2010,2.5
fa10-01-31,12/2/2010,12/5/2010,2.5
fa10-01-40,12/2/2010,12/5/2010,2.5
sp10-01-25,12/8/2010,12/11/2010,1.5
fa10-01-67,12/2/2010,12/5/2010,5
sp10-01-25,12/11/2010,12/14/2010,1.5
fa10-01-75,12/2/2010,12/5/2010,4
fa10-01-76,12/2/2010,12/5/2010,5
fa10-01-85,12/2/2010,12/5/2010,0.5
fa10-01-86,12/2/2010,12/5/2010,0.5
sp10-01-30,12/2/2010,12/5/2010,3.5
sp10-01-33,12/2/2010,12/5/2010,5
sp10-01-35,12/2/2010,12/5/2010,2.5
sp10-01-53,12/2/2010,12/5/2010,0.5
fa10-01-49,11/26/2010,11/29/2010,2
fa10-01-01,12/2/2010,12/5/2010,5
sp10-01-46,12/2/2010,12/5/2010,1
sp10-01-08,11/23/2010,11/26/2010,2
fa10-01-19,12/2/2010,12/5/2010,1.5
sp10-01-49,12/2/2010,12/5/2010,3
sp10-01-40,12/2/2010,12/5/2010,2.5
fa10-01-17,12/2/2010,12/5/2010,2.5
sp10-01-11,12/2/2010,12/5/2010,0.5
fa10-01-74,12/2/2010,12/5/2010,2.5
fa10-01-23,12/2/2010,12/5/2010,5
sp10-01-39,12/2/2010,12/5/2010,0.5
sp10-01-12,12/11/2010,12/14/2010,2.5
fa10-01-02,12/2/2010,12/5/2010,2
sp10-01-38,12/2/2010,12/5/2010,2.5
sp10-01-32,12/2/2010,12/5/2010,0.5
fa10-01-08,12/8/2010,12/11/2010,2
fa10-01-15,12/8/2010,12/11/2010,5
sp10-01-52,12/2/2010,12/5/2010,1.5
sp10-01-43,12/2/2010,12/5/2010,5
fa10-01-81,12/2/2010,12/5/2010,0.5
fa10-01-52,12/5/2010,12/8/2010,3.5
fa10-01-47,12/2/2010,12/5/2010,2.5
fa10-01-22,12/2/2010,12/5/2010,2.5
fa10-01-72,12/2/2010,12/5/2010,1.5
fa10-01-06,12/2/2010,12/5/2010,0.5
fa10-01-05,12/2/2010,12/5/2010,1
fa10-01-71,12/2/2010,12/5/2010,3
fa10-01-43,11/29/2010,12/2/2010,2.5
fa10-01-18,12/2/2010,12/5/2010,3.5
fa10-01-68,12/2/2010,12/5/2010,5
fa10-01-69,12/2/2010,12/5/2010,2.5
fa10-01-59,12/11/2010,12/14/2010,1.5
fa10-01-07,12/2/2010,12/5/2010,2.5
fa10-01-54,12/2/2010,12/5/2010,5
sp10-01-18,12/2/2010,12/5/2010,2.5
fa10-01-26,12/2/2010,12/5/2010,5
fa10-01-35,12/2/2010,12/5/2010,3.5
fa10-01-39,12/2/2010,12/5/2010,2.5
fa10-01-74,12/11/2010,12/14/2010,2.5
fa10-01-20,12/2/2010,12/5/2010,3
fa10-01-34,12/2/2010,12/5/2010,2.5
fa10-01-16,12/2/2010,12/5/2010,1.5
sp10-01-56,12/2/2010,12/5/2010,3
sp10-01-23,12/2/2010,12/5/2010,2.5
sp10-01-05,12/2/2010,12/5/2010,5
fa10-01-55,12/2/2010,12/5/2010,0.5
fa10-01-36,12/2/2010,12/5/2010,1
fa10-01-59,11/29/2010,12/2/2010,1.5
fa10-01-45,12/2/2010,12/5/2010,2.5
fa10-01-56,12/2/2010,12/5/2010,0.5
fa10-01-78,12/2/2010,12/5/2010,2.5
fa10-01-46,12/2/2010,12/5/2010,2.5
fa10-01-58,12/2/2010,12/5/2010,2
fa10-01-30,12/2/2010,12/5/2010,1.5
fa10-01-61,12/2/2010,12/5/2010,1
fa10-01-25,12/2/2010,12/5/2010,1
fa10-01-62,12/2/2010,12/5/2010,2.5
fa10-01-29,12/2/2010,12/5/2010,2.5
fa10-01-77,12/2/2010,12/5/2010,4.5
fa10-01-57,12/2/2010,12/5/2010,5
fa10-01-12,12/2/2010,12/5/2010,4.5
fa10-01-53,12/5/2010,12/8/2010,1
sp10-01-06,12/2/2010,12/5/2010,3
fa10-01-80,12/2/2010,12/5/2010,3.5
fa10-01-21,12/2/2010,12/5/2010,4.5
fa10-01-28,12/2/2010,12/5/2010,0.5
sp10-01-24,12/2/2010,12/5/2010,5
fa10-01-03,12/2/2010,12/5/2010,2
fa10-01-11,12/2/2010,12/5/2010,4
sp10-01-25,12/2/2010,12/5/2010,2
fa10-01-04,12/2/2010,12/5/2010,0.5
fa10-01-32,12/2/2010,12/5/2010,2.5
sp10-01-34,12/2/2010,12/5/2010,3.5
sp10-01-13,12/2/2010,12/5/2010,0.5
fa10-01-48,12/2/2010,12/5/2010,4
sp10-01-44,12/2/2010,12/5/2010,3
fa10-01-13,12/2/2010,12/5/2010,2
sp10-01-45,12/2/2010,12/5/2010,5
fa10-01-60,12/2/2010,12/5/2010,2.5
sp10-01-31,12/2/2010,12/5/2010,5
sp10-01-42,12/2/2010,12/5/2010,0.5
fa10-01-37,12/2/2010,12/5/2010,2.5
sp10-01-41,12/2/2010,12/5/2010,2.5
fa10-01-14,12/2/2010,12/5/2010,1.5
fa10-01-08,12/5/2010,12/8/2010,4.5
sp10-01-07,12/2/2010,12/5/2010,0.5
fa10-01-79,12/5/2010,12/8/2010,2.5
fa10-01-73,12/2/2010,12/5/2010,1.5
sp10-01-22,12/2/2010,12/5/2010,0.5
fa10-01-38,12/2/2010,12/5/2010,4
fa10-01-79,12/8/2010,12/11/2010,2
fa10-01-79,12/14/2010,12/17/2010,5
fa10-01-24,12/5/2010,12/8/2010,2
fa10-01-27,12/5/2010,12/8/2010,1.5
fa10-01-31,12/5/2010,12/8/2010,3
fa10-01-40,12/5/2010,12/8/2010,3
fa10-01-50,12/5/2010,12/8/2010,2.5
fa10-01-67,12/5/2010,12/8/2010,1.5
fa10-01-70,12/2/2010,12/5/2010,0.5
fa10-01-75,12/5/2010,12/8/2010,3.5
fa10-01-76,12/5/2010,12/8/2010,4.5
fa10-01-85,12/5/2010,12/8/2010,4
fa10-01-86,12/5/2010,12/8/2010,4.5
sp10-01-30,12/5/2010,12/8/2010,3.5
sp10-01-33,12/5/2010,12/8/2010,3.5
sp10-01-35,12/5/2010,12/8/2010,0.5
sp10-01-53,12/5/2010,12/8/2010,2
fa10-01-34,12/14/2010,12/17/2010,1
fa10-01-01,12/5/2010,12/8/2010,0.5
sp10-01-46,12/5/2010,12/8/2010,2.5
sp10-01-08,12/2/2010,12/5/2010,2.5
fa10-01-19,12/5/2010,12/8/2010,3.5
sp10-01-49,12/5/2010,12/8/2010,4
sp10-01-40,12/5/2010,12/8/2010,2
fa10-01-17,12/5/2010,12/8/2010,2.5
sp10-01-11,12/5/2010,12/8/2010,5
fa10-01-74,12/5/2010,12/8/2010,0.5
fa10-01-23,12/5/2010,12/8/2010,2.5
sp10-01-39,12/5/2010,12/8/2010,3
sp10-01-48,12/5/2010,12/8/2010,5
fa10-01-02,12/5/2010,12/8/2010,0.5
sp10-01-38,12/5/2010,12/8/2010,3
sp10-01-32,12/5/2010,12/8/2010,2
sp10-01-19,12/14/2010,12/17/2010,1
sp10-01-12,12/8/2010,12/11/2010,5
sp10-01-52,12/5/2010,12/8/2010,0.5
sp10-01-43,12/5/2010,12/8/2010,2
fa10-01-81,12/5/2010,12/8/2010,2
fa10-01-41,11/20/2010,11/23/2010,0.5
fa10-01-47,12/5/2010,12/8/2010,2.5
fa10-01-22,12/5/2010,12/8/2010,3
fa10-01-72,12/5/2010,12/8/2010,2.5
fa10-01-15,12/11/2010,12/14/2010,5
fa10-01-05,12/5/2010,12/8/2010,2.5
fa10-01-71,12/5/2010,12/8/2010,2.5
fa10-01-43,12/5/2010,12/8/2010,1.5
fa10-01-18,12/5/2010,12/8/2010,4
fa10-01-68,12/5/2010,12/8/2010,4
fa10-01-69,12/5/2010,12/8/2010,2
fa10-01-52,12/2/2010,12/5/2010,0.5
fa10-01-07,12/5/2010,12/8/2010,1.5
sp10-01-48,12/14/2010,12/17/2010,0.5
sp10-01-18,12/5/2010,12/8/2010,4
fa10-01-26,12/5/2010,12/8/2010,2.5
fa10-01-35,12/5/2010,12/8/2010,5
fa10-01-39,12/5/2010,12/8/2010,3
fa10-01-06,12/5/2010,12/8/2010,4
fa10-01-20,12/5/2010,12/8/2010,2
fa10-01-34,12/5/2010,12/8/2010,4.5
fa10-01-16,12/5/2010,12/8/2010,2.5
fa10-01-59,11/8/2010,11/11/2010,4
sp10-01-23,12/5/2010,12/8/2010,3
sp10-01-05,12/5/2010,12/8/2010,4.5
fa10-01-55,12/5/2010,12/8/2010,4
fa10-01-36,12/5/2010,12/8/2010,2.5
fa10-01-33,12/5/2010,12/8/2010,5
fa10-01-45,12/5/2010,12/8/2010,5
fa10-01-59,11/11/2010,11/14/2010,1.5
fa10-01-78,12/5/2010,12/8/2010,4
fa10-01-46,12/5/2010,12/8/2010,3.5
fa10-01-58,12/5/2010,12/8/2010,2.5
fa10-01-30,12/5/2010,12/8/2010,0.5
fa10-01-61,12/5/2010,12/8/2010,2.5
fa10-01-25,12/5/2010,12/8/2010,2.5
fa10-01-62,12/5/2010,12/8/2010,3
fa10-01-29,12/5/2010,12/8/2010,5
fa10-01-77,12/5/2010,12/8/2010,1
fa10-01-57,12/5/2010,12/8/2010,3
fa10-01-12,12/5/2010,12/8/2010,3
fa10-01-59,11/23/2010,11/26/2010,2
sp10-01-06,12/5/2010,12/8/2010,2.5
fa10-01-80,12/5/2010,12/8/2010,2.5
fa10-01-21,12/5/2010,12/8/2010,3
fa10-01-28,12/5/2010,12/8/2010,1
sp10-01-24,12/5/2010,12/8/2010,0.5
fa10-01-03,12/5/2010,12/8/2010,2.5
fa10-01-11,12/5/2010,12/8/2010,4.5
sp10-01-25,12/5/2010,12/8/2010,0.5
fa10-01-04,12/5/2010,12/8/2010,5
fa10-01-59,12/5/2010,12/8/2010,2.5
sp10-01-34,12/5/2010,12/8/2010,2
sp10-01-13,12/5/2010,12/8/2010,5
fa10-01-48,12/5/2010,12/8/2010,2.5
sp10-01-44,12/5/2010,12/8/2010,3
fa10-01-13,12/5/2010,12/8/2010,5
sp10-01-45,12/5/2010,12/8/2010,1.5
fa10-01-60,12/5/2010,12/8/2010,3.5
sp10-01-31,12/5/2010,12/8/2010,0.5
sp10-01-42,11/17/2010,11/20/2010,2.5
fa10-01-37,12/5/2010,12/8/2010,3.5
sp10-01-41,12/5/2010,12/8/2010,2
fa10-01-14,12/5/2010,12/8/2010,5
fa10-01-79,11/26/2010,11/29/2010,0.5
sp10-01-07,12/5/2010,12/8/2010,2
sp10-01-19,12/8/2010,12/11/2010,4.5
fa10-01-73,12/5/2010,12/8/2010,3.5
sp10-01-22,12/5/2010,12/8/2010,2.5
fa10-01-38,12/5/2010,12/8/2010,3.5
fa10-01-44,12/11/2010,12/14/2010,4.5
fa10-01-41,11/17/2010,11/20/2010,0.5
fa10-01-24,12/8/2010,12/11/2010,3
fa10-01-27,12/8/2010,12/11/2010,5
fa10-01-31,12/8/2010,12/11/2010,0.5
fa10-01-40,12/8/2010,12/11/2010,4
fa10-01-41,12/11/2010,12/14/2010,0.5
fa10-01-67,12/8/2010,12/11/2010,2.5
fa10-01-70,12/8/2010,12/11/2010,1.5
fa10-01-75,12/8/2010,12/11/2010,2.5
fa10-01-76,12/8/2010,12/11/2010,5
fa10-01-85,12/8/2010,12/11/2010,2
fa10-01-86,12/8/2010,12/11/2010,2.5
sp10-01-30,12/8/2010,12/11/2010,1
sp10-01-33,12/8/2010,12/11/2010,2.5
sp10-01-35,12/8/2010,12/11/2010,5
sp10-01-53,12/8/2010,12/11/2010,4
fa10-01-41,12/14/2010,12/17/2010,0.5
fa10-01-01,12/8/2010,12/11/2010,2
sp10-01-46,12/8/2010,12/11/2010,4
sp10-01-08,12/8/2010,12/11/2010,2
fa10-01-19,12/8/2010,12/11/2010,4.5
sp10-01-49,12/8/2010,12/11/2010,2.5
sp10-01-40,12/8/2010,12/11/2010,2.5
fa10-01-17,12/8/2010,12/11/2010,0.5
sp10-01-11,12/8/2010,12/11/2010,3
fa10-01-44,11/29/2010,12/2/2010,3.5
fa10-01-23,12/8/2010,12/11/2010,2
sp10-01-39,12/8/2010,12/11/2010,5
sp10-01-48,12/8/2010,12/11/2010,0.5
fa10-01-02,12/8/2010,12/11/2010,5
sp10-01-38,12/8/2010,12/11/2010,5
sp10-01-32,12/8/2010,12/11/2010,3
fa10-01-79,11/23/2010,11/26/2010,1.5
fa10-01-44,12/5/2010,12/8/2010,2
sp10-01-52,12/8/2010,12/11/2010,5
sp10-01-43,12/8/2010,12/11/2010,1.5
fa10-01-81,12/8/2010,12/11/2010,5
fa10-01-44,12/8/2010,12/11/2010,4.5
fa10-01-47,12/8/2010,12/11/2010,4.5
fa10-01-22,12/8/2010,12/11/2010,1
fa10-01-72,12/8/2010,12/11/2010,5
fa10-01-79,12/11/2010,12/14/2010,3.5
fa10-01-43,12/11/2010,12/14/2010,1.5
fa10-01-71,12/8/2010,12/11/2010,3.5
sp10-01-05,12/14/2010,12/17/2010,0.5
fa10-01-18,12/8/2010,12/11/2010,2.5
fa10-01-68,12/8/2010,12/11/2010,0.5
fa10-01-69,12/8/2010,12/11/2010,2
fa10-01-52,12/8/2010,12/11/2010,5
fa10-01-07,12/8/2010,12/11/2010,1.5
fa10-01-56,12/5/2010,12/8/2010,0.5
sp10-01-18,12/8/2010,12/11/2010,2
fa10-01-26,12/8/2010,12/11/2010,4.5
fa10-01-35,12/8/2010,12/11/2010,3.5
fa10-01-39,12/8/2010,12/11/2010,2.5
fa10-01-06,12/8/2010,12/11/2010,5
fa10-01-20,12/8/2010,12/11/2010,2.5
sp10-01-56,12/11/2010,12/14/2010,2.5
fa10-01-16,12/8/2010,12/11/2010,5
sp10-01-56,12/14/2010,12/17/2010,2.5
sp10-01-23,12/8/2010,12/11/2010,0.5
fa10-01-56,12/11/2010,12/14/2010,2
fa10-01-55,12/8/2010,12/11/2010,4
fa10-01-36,12/8/2010,12/11/2010,4.5
fa10-01-33,12/8/2010,12/11/2010,2.5
fa10-01-45,12/8/2010,12/11/2010,1.5
sp10-01-06,12/8/2010,12/11/2010,1.5
fa10-01-78,12/8/2010,12/11/2010,5
fa10-01-46,12/8/2010,12/11/2010,2.5
fa10-01-58,12/8/2010,12/11/2010,5
fa10-01-30,12/8/2010,12/11/2010,2.5
fa10-01-61,12/8/2010,12/11/2010,5
fa10-01-25,12/8/2010,12/11/2010,5
fa10-01-62,12/8/2010,12/11/2010,4.5
fa10-01-29,12/8/2010,12/11/2010,5
fa10-01-77,12/8/2010,12/11/2010,5
fa10-01-57,12/8/2010,12/11/2010,5
fa10-01-12,12/8/2010,12/11/2010,2.5
sp10-01-06,12/14/2010,12/17/2010,1.5
fa10-01-28,12/14/2010,12/17/2010,0.5
fa10-01-80,12/8/2010,12/11/2010,0.5
fa10-01-21,12/8/2010,12/11/2010,2
sp10-01-24,12/11/2010,12/14/2010,3.5
sp10-01-12,11/11/2010,11/14/2010,3
fa10-01-03,12/8/2010,12/11/2010,3.5
fa10-01-11,12/8/2010,12/11/2010,3
fa10-01-15,11/5/2010,11/8/2010,1.5
fa10-01-04,12/8/2010,12/11/2010,4
fa10-01-32,12/5/2010,12/8/2010,2.5
sp10-01-34,12/8/2010,12/11/2010,5
sp10-01-13,12/8/2010,12/11/2010,4.5
fa10-01-48,12/8/2010,12/11/2010,3
sp10-01-44,12/8/2010,12/11/2010,3.5
fa10-01-13,12/8/2010,12/11/2010,2.5
sp10-01-45,12/8/2010,12/11/2010,3
fa10-01-60,12/8/2010,12/11/2010,4
sp10-01-31,12/8/2010,12/11/2010,4
sp10-01-42,12/8/2010,12/11/2010,2.5
fa10-01-37,12/8/2010,12/11/2010,3.5
sp10-01-41,12/8/2010,12/11/2010,3
fa10-01-14,12/8/2010,12/11/2010,2.5
fa10-01-15,11/8/2010,11/11/2010,1
sp10-01-07,12/8/2010,12/11/2010,3.5
fa10-01-08,12/11/2010,12/14/2010,1.5
fa10-01-73,12/8/2010,12/11/2010,5
sp10-01-22,12/8/2010,12/11/2010,4
fa10-01-38,12/8/2010,12/11/2010,2
fa10-01-50,12/14/2010,12/17/2010,1
fa10-01-50,12/11/2010,12/14/2010,2.5
fa10-01-24,12/11/2010,12/14/2010,5
fa10-01-27,12/11/2010,12/14/2010,4
fa10-01-31,12/11/2010,12/14/2010,2.5
fa10-01-40,12/11/2010,12/14/2010,5
fa10-01-41,11/29/2010,12/2/2010,1.5
fa10-01-67,12/11/2010,12/14/2010,3.5
fa10-01-70,12/11/2010,12/14/2010,3
fa10-01-75,12/11/2010,12/14/2010,5
fa10-01-76,12/11/2010,12/14/2010,3
fa10-01-85,12/11/2010,12/14/2010,2.5
fa10-01-86,12/11/2010,12/14/2010,2.5
sp10-01-30,12/11/2010,12/14/2010,3
sp10-01-33,12/11/2010,12/14/2010,2.5
sp10-01-35,12/11/2010,12/14/2010,1.5
sp10-01-53,12/11/2010,12/14/2010,0.5
fa10-01-41,12/8/2010,12/11/2010,2.5
fa10-01-01,12/11/2010,12/14/2010,4
sp10-01-46,12/11/2010,12/14/2010,3
sp10-01-08,12/11/2010,12/14/2010,2.5
fa10-01-19,12/11/2010,12/14/2010,2.5
sp10-01-49,12/11/2010,12/14/2010,2.5
sp10-01-40,12/11/2010,12/14/2010,3
fa10-01-17,12/11/2010,12/14/2010,2.5
sp10-01-11,12/11/2010,12/14/2010,2
fa10-01-74,12/8/2010,12/11/2010,2.5
fa10-01-23,12/11/2010,12/14/2010,2
sp10-01-39,12/11/2010,12/14/2010,2.5
sp10-01-48,12/11/2010,12/14/2010,1.5
fa10-01-02,12/11/2010,12/14/2010,2.5
sp10-01-38,12/11/2010,12/14/2010,2.5
sp10-01-32,12/11/2010,12/14/2010,5
sp10-01-19,12/11/2010,12/14/2010,0.5
fa10-01-43,12/14/2010,12/17/2010,2
sp10-01-52,12/11/2010,12/14/2010,4
sp10-01-43,12/11/2010,12/14/2010,1.5
fa10-01-81,12/11/2010,12/14/2010,2.5
fa10-01-54,12/8/2010,12/11/2010,1.5
fa10-01-47,12/11/2010,12/14/2010,5
fa10-01-22,12/11/2010,12/14/2010,4.5
fa10-01-72,12/11/2010,12/14/2010,2
sp10-01-23,12/11/2010,12/14/2010,0.5
fa10-01-05,12/8/2010,12/11/2010,0.5
fa10-01-71,12/11/2010,12/14/2010,1.5
fa10-01-54,12/14/2010,12/17/2010,3
fa10-01-18,12/11/2010,12/14/2010,2
fa10-01-68,12/11/2010,12/14/2010,5
fa10-01-69,12/11/2010,12/14/2010,3.5
fa10-01-52,12/11/2010,12/14/2010,2
fa10-01-07,12/11/2010,12/14/2010,0.5
sp10-01-05,12/11/2010,12/14/2010,1
sp10-01-18,12/11/2010,12/14/2010,2.5
fa10-01-26,12/11/2010,12/14/2010,3
fa10-01-35,12/11/2010,12/14/2010,3.5
fa10-01-39,12/11/2010,12/14/2010,2.5
fa10-01-06,12/11/2010,12/14/2010,0.5
fa10-01-20,12/11/2010,12/14/2010,2
fa10-01-34,12/11/2010,12/14/2010,2.5
fa10-01-16,12/11/2010,12/14/2010,2.5
sp10-01-56,12/8/2010,12/11/2010,4.5
fa10-01-53,11/20/2010,11/23/2010,0.5
fa10-01-53,11/29/2010,12/2/2010,1.5
fa10-01-55,12/11/2010,12/14/2010,0.5
fa10-01-36,12/11/2010,12/14/2010,1.5
fa10-01-33,12/11/2010,12/14/2010,1.5
fa10-01-45,12/11/2010,12/14/2010,1
fa10-01-56,12/14/2010,12/17/2010,2
fa10-01-78,12/11/2010,12/14/2010,2.5
fa10-01-46,12/11/2010,12/14/2010,2
fa10-01-58,12/11/2010,12/14/2010,4.5
fa10-01-30,12/11/2010,12/14/2010,2.5
fa10-01-61,12/11/2010,12/14/2010,3
fa10-01-25,12/11/2010,12/14/2010,1
fa10-01-62,12/11/2010,12/14/2010,0.5
fa10-01-29,12/11/2010,12/14/2010,4
fa10-01-77,12/11/2010,12/14/2010,4.5
fa10-01-57,12/11/2010,12/14/2010,0.5
fa10-01-12,12/11/2010,12/14/2010,1.5
fa10-01-15,11/2/2010,11/5/2010,2.5
sp10-01-06,12/11/2010,12/14/2010,3
fa10-01-80,12/11/2010,12/14/2010,2.5
fa10-01-21,12/11/2010,12/14/2010,0.5
fa10-01-28,12/11/2010,12/14/2010,2.5
sp10-01-24,12/8/2010,12/11/2010,3.5
fa10-01-03,12/11/2010,12/14/2010,0.5
fa10-01-11,12/11/2010,12/14/2010,0.5
fa10-01-49,12/11/2010,12/14/2010,2.5
fa10-01-04,12/11/2010,12/14/2010,5
fa10-01-32,12/11/2010,12/14/2010,2.5
sp10-01-34,12/11/2010,12/14/2010,2.5
sp10-01-13,12/11/2010,12/14/2010,5
fa10-01-48,12/11/2010,12/14/2010,2.5
sp10-01-44,12/11/2010,12/14/2010,1
fa10-01-13,12/11/2010,12/14/2010,5
sp10-01-45,12/11/2010,12/14/2010,3
fa10-01-60,12/14/2010,12/17/2010,2
sp10-01-31,12/11/2010,12/14/2010,2.5
sp10-01-42,12/11/2010,12/14/2010,2.5
fa10-01-37,12/11/2010,12/14/2010,5
sp10-01-41,12/11/2010,12/14/2010,3
fa10-01-14,12/11/2010,12/14/2010,2.5
sp10-01-22,12/14/2010,12/17/2010,0.5
sp10-01-07,12/11/2010,12/14/2010,3.5
sp10-01-12,12/14/2010,12/17/2010,2.5
fa10-01-73,12/11/2010,12/14/2010,1
fa10-01-53,12/14/2010,12/17/2010,2.5
fa10-01-38,12/11/2010,12/14/2010,2.5
fa10-01-08,12/14/2010,12/17/2010,4
fa10-01-50,12/8/2010,12/11/2010,5
fa10-01-24,12/14/2010,12/17/2010,1.5
fa10-01-27,12/14/2010,12/17/2010,0.5
fa10-01-31,12/14/2010,12/17/2010,5
fa10-01-40,12/14/2010,12/17/2010,2.5
fa10-01-41,11/26/2010,11/29/2010,1
fa10-01-67,12/14/2010,12/17/2010,5
fa10-01-70,12/14/2010,12/17/2010,5
fa10-01-75,12/14/2010,12/17/2010,3.5
fa10-01-76,12/14/2010,12/17/2010,1.5
fa10-01-85,12/14/2010,12/17/2010,1.5
fa10-01-86,12/14/2010,12/17/2010,4
sp10-01-30,12/14/2010,12/17/2010,5
sp10-01-33,12/14/2010,12/17/2010,5
sp10-01-35,12/14/2010,12/17/2010,2
sp10-01-53,12/14/2010,12/17/2010,1
fa10-01-41,12/5/2010,12/8/2010,2
fa10-01-01,12/14/2010,12/17/2010,5
sp10-01-46,12/14/2010,12/17/2010,3.5
sp10-01-08,12/14/2010,12/17/2010,5
fa10-01-19,12/14/2010,12/17/2010,5
sp10-01-49,12/14/2010,12/17/2010,0.5
sp10-01-40,12/14/2010,12/17/2010,5
fa10-01-17,12/14/2010,12/17/2010,5
sp10-01-11,12/14/2010,12/17/2010,5
fa10-01-74,12/14/2010,12/17/2010,5
fa10-01-23,12/14/2010,12/17/2010,5
sp10-01-39,12/14/2010,12/17/2010,5
fa10-01-59,12/14/2010,12/17/2010,2.5
fa10-01-02,12/14/2010,12/17/2010,4.5
sp10-01-38,12/14/2010,12/17/2010,5
sp10-01-32,12/14/2010,12/17/2010,5
sp10-01-19,11/29/2010,12/2/2010,1.5
fa10-01-43,12/8/2010,12/11/2010,1.5
sp10-01-52,12/14/2010,12/17/2010,2.5
sp10-01-43,12/14/2010,12/17/2010,5
fa10-01-81,12/14/2010,12/17/2010,5
fa10-01-54,12/5/2010,12/8/2010,4
fa10-01-47,12/14/2010,12/17/2010,0.5
fa10-01-22,12/14/2010,12/17/2010,3
fa10-01-72,12/14/2010,12/17/2010,3
fa10-01-54,12/11/2010,12/14/2010,1.5
fa10-01-05,12/14/2010,12/17/2010,3
fa10-01-71,12/14/2010,12/17/2010,3
sp10-01-23,12/14/2010,12/17/2010,0.5
fa10-01-18,12/14/2010,12/17/2010,1
fa10-01-68,12/14/2010,12/17/2010,3
fa10-01-69,12/14/2010,12/17/2010,5
fa10-01-52,12/14/2010,12/17/2010,5
fa10-01-07,12/14/2010,12/17/2010,5
sp10-01-05,12/8/2010,12/11/2010,2.5
sp10-01-18,12/14/2010,12/17/2010,3
fa10-01-26,12/14/2010,12/17/2010,2.5
fa10-01-35,12/14/2010,12/17/2010,5
fa10-01-39,12/14/2010,12/17/2010,5
fa10-01-06,12/14/2010,12/17/2010,3.5
fa10-01-20,12/14/2010,12/17/2010,5
fa10-01-34,12/8/2010,12/11/2010,4.5
fa10-01-16,12/14/2010,12/17/2010,5
sp10-01-56,12/5/2010,12/8/2010,2
fa10-01-53,11/17/2010,11/20/2010,0.5
fa10-01-53,11/26/2010,11/29/2010,1.5
fa10-01-55,12/14/2010,12/17/2010,2.5
fa10-01-36,12/14/2010,12/17/2010,4.5
fa10-01-33,12/14/2010,12/17/2010,5
fa10-01-45,12/14/2010,12/17/2010,4.5
fa10-01-53,12/8/2010,12/11/2010,5
fa10-01-78,12/14/2010,12/17/2010,5
fa10-01-46,12/14/2010,12/17/2010,3
fa10-01-58,12/14/2010,12/17/2010,2.5
fa10-01-30,12/14/2010,12/17/2010,5
fa10-01-61,12/14/2010,12/17/2010,2
fa10-01-25,12/14/2010,12/17/2010,3
fa10-01-62,12/14/2010,12/17/2010,1
fa10-01-29,12/14/2010,12/17/2010,0.5
fa10-01-77,12/14/2010,12/17/2010,4
fa10-01-57,12/14/2010,12/17/2010,4
fa10-01-12,12/14/2010,12/17/2010,4.5
fa10-01-53,12/11/2010,12/14/2010,2.5
sp10-01-25,12/14/2010,12/17/2010,2.5
fa10-01-80,12/14/2010,12/17/2010,3
fa10-01-21,12/14/2010,12/17/2010,4
fa10-01-28,12/8/2010,12/11/2010,4.5
sp10-01-24,12/14/2010,12/17/2010,3
fa10-01-03,12/14/2010,12/17/2010,5
fa10-01-11,12/14/2010,12/17/2010,4.5
fa10-01-49,12/8/2010,12/11/2010,2
fa10-01-04,12/14/2010,12/17/2010,4
fa10-01-32,12/14/2010,12/17/2010,2
sp10-01-34,12/14/2010,12/17/2010,3
sp10-01-13,12/14/2010,12/17/2010,1
fa10-01-48,12/14/2010,12/17/2010,2.5
sp10-01-44,12/14/2010,12/17/2010,5
fa10-01-13,12/14/2010,12/17/2010,5
sp10-01-45,12/14/2010,12/17/2010,1
fa10-01-60,12/11/2010,12/14/2010,2.5
sp10-01-31,12/14/2010,12/17/2010,4
sp10-01-42,12/14/2010,12/17/2010,1.5
fa10-01-37,12/14/2010,12/17/2010,0.5
sp10-01-41,12/14/2010,12/17/2010,5
fa10-01-14,12/14/2010,12/17/2010,4
sp10-01-22,12/11/2010,12/14/2010,0.5
sp10-01-07,12/14/2010,12/17/2010,4.5
fa10-01-15,12/5/2010,12/8/2010,2.5
fa10-01-73,12/14/2010,12/17/2010,5
fa10-01-15,12/14/2010,12/17/2010,5
fa10-01-38,12/14/2010,12/17/2010,2
